date,adj_close,close,high,low,open,volume
2000-01-04,654.7230000000002,178.03900000000004,181.641,172.37900000000005,174.952,6144500
2000-01-05,639.585,173.922,177.01,172.893,173.922,2824500
2000-01-06,637.693,173.408,177.525,172.893,174.437,3027900
2000-01-07,624.447,169.80599999999995,171.864,168.77700000000004,171.35,2203800
2000-01-10,656.615,178.554,180.097,172.37900000000005,172.37900000000005,5550700
2000-01-11,647.154,175.981,183.7,175.46599999999995,183.7,6583900
2000-01-12,690.678,187.81599999999997,187.81599999999997,176.495,177.525,9035700
2000-01-13,705.816,191.933,196.049,190.389,196.049,13108300
2000-01-14,683.1060000000001,185.757,193.99,185.24400000000003,192.96200000000002,5960900
2000-01-17,715.2769999999997,194.505,198.107,188.33,190.389,7923100
2000-01-18,728.5210000000003,198.107,198.107,192.446,195.53400000000002,5151500
2000-01-19,702.0269999999997,190.90200000000002,197.078,190.90200000000002,197.078,4663700
2000-01-20,700.1389999999999,190.389,192.446,188.845,190.90200000000002,3141600
2000-01-21,700.1389999999999,190.389,192.96200000000002,189.87400000000002,191.418,2337000
2000-01-24,694.461,188.845,192.96200000000002,188.845,191.418,1874400
2000-01-25,685.0,186.27200000000002,188.33,185.757,187.81599999999997,1947000
2000-01-26,698.2439999999997,189.87400000000002,192.446,187.81599999999997,187.81599999999997,2530600
2000-01-27,690.678,187.81599999999997,191.933,187.81599999999997,190.90200000000002,1753900
2000-01-28,694.461,188.845,192.446,186.78799999999998,187.81599999999997,3114800
2000-01-31,717.165,195.019,196.049,190.389,191.933,4160400
2000-02-01,713.382,193.99,197.593,193.477,197.593,2890300
2000-02-02,713.382,193.99,193.99,193.99,193.99,0
2000-02-03,713.382,193.99,193.99,193.99,193.99,0
2000-02-04,713.382,193.99,193.99,193.99,193.99,0
2000-02-07,713.382,193.99,193.99,193.99,193.99,0
2000-02-08,713.382,193.99,193.99,193.99,193.99,0
2000-02-09,739.8760000000003,201.195,204.283,192.96200000000002,197.078,7315200
2000-02-10,732.303,199.135,204.283,198.622,201.708,3634900
2000-02-11,755.0139999999999,205.31099999999998,208.399,199.65099999999998,203.252,10119400
2000-02-14,756.9019999999997,205.825,209.94099999999997,204.796,205.825,4687500
2000-02-15,753.1189999999997,204.796,207.36900000000003,201.195,205.825,2602800
2000-02-16,747.442,203.252,206.855,203.252,205.31099999999998,2079600
2000-02-17,739.8760000000003,201.195,204.283,201.195,203.252,2832200
2000-02-18,734.198,199.65099999999998,204.283,199.65099999999998,202.739,2621100
2000-02-21,703.922,191.418,196.049,190.389,195.53400000000002,2629800
2000-02-22,707.705,192.446,194.505,190.389,190.389,2662300
2000-02-23,705.816,191.933,194.505,191.418,192.96200000000002,1389200
2000-02-24,709.5989999999997,192.96200000000002,196.049,192.96200000000002,195.53400000000002,2059100
2000-02-25,711.4939999999997,193.477,195.019,192.96200000000002,194.505,1263200
2000-02-28,711.4939999999997,193.477,193.477,193.477,193.477,0
2000-02-29,724.738,197.078,197.593,193.477,195.53400000000002,1992900
2000-03-01,730.415,198.622,200.679,198.107,198.107,1798800
2000-03-02,719.06,195.53400000000002,200.679,195.53400000000002,200.166,956100
2000-03-03,719.06,195.53400000000002,197.078,194.505,195.53400000000002,805100
2000-03-06,707.705,192.446,193.477,191.418,192.96200000000002,993500
2000-03-07,700.1389999999999,190.389,192.96200000000002,190.389,191.933,1211100
2000-03-08,709.5989999999997,192.96200000000002,193.99,190.90200000000002,190.90200000000002,1348200
2000-03-09,719.06,195.53400000000002,197.593,193.477,193.477,2871900
2000-03-10,705.816,191.933,197.078,191.418,197.078,2163000
2000-03-13,656.615,178.554,188.33,178.554,178.554,4789400
2000-03-14,658.508,179.06799999999996,182.15599999999998,173.408,178.554,3399300
2000-03-15,643.37,174.952,180.097,172.893,179.06799999999996,2260700
2000-03-16,671.7539999999998,182.67,182.67,167.233,167.233,3339100
2000-03-17,658.508,179.06799999999996,182.67,177.525,180.612,3475800
2000-03-20,635.8009999999998,172.893,172.893,172.893,172.893,271900
2000-03-21,675.54,183.7,184.213,167.233,167.233,3728400
2000-03-22,675.54,183.7,188.845,180.097,183.7,3002900
2000-03-23,702.0269999999997,190.90200000000002,192.446,187.301,187.301,4391500
2000-03-24,694.461,188.845,192.96200000000002,187.81599999999997,187.81599999999997,2570900
2000-03-27,726.632,197.593,200.166,190.389,191.933,3387000
2000-03-28,709.5989999999997,192.96200000000002,197.593,192.446,197.593,2217600
2000-03-29,700.1389999999999,190.389,192.446,189.87400000000002,190.389,1568700
2000-03-30,719.06,195.53400000000002,197.593,190.389,190.389,3194300
2000-03-31,720.955,196.049,200.166,195.019,195.53400000000002,4990900
2000-04-03,720.955,196.049,196.049,196.049,196.049,0
2000-04-04,720.955,196.049,196.049,196.049,196.049,0
2000-04-05,775.83,210.972,213.02900000000002,201.195,201.708,8633300
2000-04-06,749.337,203.767,219.205,203.767,213.544,9696800
2000-04-07,741.7639999999999,201.708,208.91299999999998,201.708,205.31099999999998,4924200
2000-04-10,747.442,203.252,208.399,202.739,203.252,3404900
2000-04-11,743.659,202.22299999999998,206.855,201.708,202.739,3305800
2000-04-12,720.955,196.049,204.283,195.53400000000002,204.283,2899300
2000-04-13,705.816,191.933,192.96200000000002,190.389,190.90200000000002,3931600
2000-04-14,681.2180000000002,185.24400000000003,190.90200000000002,184.213,190.389,2946800
2000-04-17,671.7539999999998,182.67,183.185,174.952,174.952,2254900
2000-04-18,681.2180000000002,185.24400000000003,191.933,184.72799999999998,189.36,3501800
2000-04-19,649.047,176.495,188.33,175.981,187.81599999999997,4147100
2000-04-20,643.37,174.952,179.06799999999996,172.37900000000005,174.952,3639600
2000-04-21,643.37,174.952,176.495,172.37900000000005,174.952,1560000
2000-04-24,647.154,175.981,177.01,172.37900000000005,174.952,1323400
2000-04-25,650.939,177.01,179.06799999999996,174.952,174.952,2230600
2000-04-26,624.447,169.80599999999995,179.06799999999996,167.233,179.06799999999996,1846700
2000-04-27,624.447,169.80599999999995,173.922,167.748,172.893,1367200
2000-04-28,641.4780000000002,174.437,176.495,170.835,174.952,2082700
2000-05-01,641.4780000000002,174.437,174.437,174.437,174.437,0
2000-05-02,622.555,169.292,173.408,169.292,173.408,1272800
2000-05-03,601.74,163.631,169.292,163.631,167.748,1755500
2000-05-04,582.817,158.486,165.69,156.942,162.088,2305700
2000-05-05,584.7090000000002,159.0,159.0,154.884,156.942,2782800
2000-05-08,584.7090000000002,159.0,159.515,157.457,157.457,1176300
2000-05-09,584.7090000000002,159.0,159.0,159.0,159.0,0
2000-05-10,560.11,152.311,158.486,151.282,154.884,2962100
2000-05-11,522.265,142.02,146.651,142.02,142.534,4279600
2000-05-12,526.049,143.049,145.107,137.903,144.078,3927500
2000-05-15,510.911,138.93200000000002,144.078,138.93200000000002,144.078,1501400
2000-05-16,527.942,143.563,145.107,136.874,138.93200000000002,3133600
2000-05-17,558.2180000000002,151.796,153.34,145.622,147.165,4305100
2000-05-18,541.187,147.165,149.738,146.651,148.709,2651700
2000-05-19,535.511,145.622,146.651,145.107,145.107,1392900
2000-05-22,544.972,148.194,150.253,145.107,147.165,2743500
2000-05-23,529.8340000000002,144.078,148.194,143.563,148.194,1463700
2000-05-24,516.5880000000002,140.476,142.534,138.93200000000002,138.93200000000002,1626600
2000-05-25,518.48,140.99,144.078,140.476,144.078,1206400
2000-05-26,533.619,145.107,146.136,140.99,141.505,1517600
2000-05-29,537.403,146.136,148.709,145.622,145.622,1337700
2000-05-30,537.403,146.136,146.136,146.136,146.136,0
2000-05-31,588.494,160.029,160.54399999999995,154.884,156.942,4128900
2000-06-01,580.925,157.971,159.515,156.942,159.515,1563300
2000-06-02,596.063,162.088,165.69,160.54399999999995,162.602,3212900
2000-06-05,582.817,158.486,161.57299999999995,156.942,160.029,1257200
2000-06-06,582.817,158.486,158.486,158.486,158.486,0
2000-06-07,622.555,169.292,169.292,158.486,158.486,3489800
2000-06-08,609.309,165.69,169.80599999999995,164.66,169.80599999999995,2421100
2000-06-09,603.632,164.146,167.233,162.602,167.233,2047200
2000-06-12,616.878,167.748,168.262,163.631,166.71900000000005,6553600
2000-06-13,643.37,174.952,177.051,170.753,171.453,7589200
2000-06-14,643.37,174.952,179.15,174.252,177.75099999999995,3323500
2000-06-15,633.076,172.15200000000004,175.65099999999995,172.15200000000004,174.952,1321600
2000-06-16,638.2230000000002,173.55200000000005,175.65099999999995,171.453,172.15200000000004,1324900
2000-06-19,679.3969999999998,184.74900000000002,185.449,174.952,179.15,2263600
2000-06-20,663.957,180.55,187.549,179.85,186.149,2572200
2000-06-21,645.943,175.65099999999995,179.85,175.65099999999995,179.15,1671200
2000-06-22,663.957,180.55,182.65,176.351,177.051,2052700
2000-06-23,651.09,177.051,179.85,175.65099999999995,178.451,1295300
2000-06-26,658.81,179.15,179.15,176.351,177.051,1223700
2000-06-27,648.5169999999998,176.351,181.25,176.351,180.55,1469200
2000-06-28,658.81,179.15,180.55,174.952,176.351,2076500
2000-06-29,648.5169999999998,176.351,181.95,176.351,181.25,1796000
2000-06-30,653.664,177.75099999999995,178.451,174.252,176.351,2030500
2000-07-03,638.2230000000002,173.55200000000005,177.75099999999995,171.453,177.75099999999995,1434600
2000-07-04,607.341,165.15400000000002,173.55200000000005,165.15400000000002,173.55200000000005,1681100
2000-07-05,633.076,172.15200000000004,175.65099999999995,160.256,165.15400000000002,2469100
2000-07-06,617.635,167.954,171.453,166.554,167.954,906400
2000-07-07,617.635,167.954,171.453,166.554,169.35299999999995,1252500
2000-07-10,615.061,167.25400000000005,170.753,162.355,168.653,1134600
2000-07-11,622.7819999999998,169.35299999999995,170.053,165.854,167.25400000000005,680000
2000-07-12,620.2080000000002,168.653,170.753,166.554,169.35299999999995,682200
2000-07-13,635.65,172.852,175.65099999999995,170.053,170.753,1883600
2000-07-14,658.81,179.15,180.55,174.252,174.252,3096400
2000-07-17,648.5169999999998,176.351,179.85,175.65099999999995,178.451,1052500
2000-07-18,630.503,171.453,176.351,171.453,176.351,836100
2000-07-19,630.503,171.453,176.351,171.453,176.351,836100
2000-07-20,627.929,170.753,173.55200000000005,170.053,171.453,664200
2000-07-21,627.929,170.753,173.55200000000005,167.954,171.453,1260100
2000-07-24,617.635,167.954,170.053,166.554,168.653,1089300
2000-07-25,617.635,167.954,170.753,165.854,166.554,1415600
2000-07-26,622.7819999999998,169.35299999999995,172.15200000000004,167.954,167.954,1675000
2000-07-27,640.797,174.252,174.952,165.854,167.954,2684300
2000-07-28,638.2230000000002,173.55200000000005,175.65099999999995,172.15200000000004,172.15200000000004,1422700
2000-07-31,625.355,170.053,172.852,169.35299999999995,170.053,756400
2000-08-01,625.355,170.053,172.15200000000004,167.954,170.753,620200
2000-08-02,612.488,166.554,171.453,166.554,170.053,658900
2000-08-03,599.62,163.055,166.554,161.655,165.854,1250600
2000-08-04,571.312,155.357,164.455,155.357,162.355,3014600
2000-08-07,514.695,139.961,142.061,138.562,141.361,2142300
2000-08-08,517.269,140.661,142.061,138.562,139.961,2024600
2000-08-09,530.136,144.16,146.26,139.961,142.061,2428600
2000-08-10,532.71,144.86,149.059,143.46,145.56,1834800
2000-08-11,522.4159999999998,142.061,146.26,141.361,144.86,1479500
2000-08-14,501.82800000000003,136.46200000000002,141.361,136.46200000000002,139.961,1298900
2000-08-15,501.82800000000003,136.46200000000002,138.562,135.763,137.862,1853700
2000-08-16,509.548,138.562,139.262,136.46200000000002,136.46200000000002,1306500
2000-08-17,524.989,142.761,143.46,139.262,139.961,2369700
2000-08-18,527.563,143.46,146.26,142.761,143.46,2338400
2000-08-21,537.857,146.26,148.359,144.86,144.86,2028500
2000-08-22,522.4159999999998,142.061,146.26,142.061,146.26,1012000
2000-08-23,522.4159999999998,142.061,142.061,142.061,142.061,0
2000-08-24,519.8430000000002,141.361,144.16,141.361,142.061,808800
2000-08-25,512.122,139.262,142.761,139.262,142.061,784300
2000-08-28,506.975,137.862,139.262,137.162,138.562,757600
2000-08-29,519.8430000000002,141.361,141.361,136.46200000000002,137.862,1099500
2000-08-30,499.255,135.763,139.961,135.763,139.262,1532800
2000-08-31,491.535,133.66299999999998,137.162,133.66299999999998,135.063,1643100
2000-09-01,496.681,135.063,137.162,133.66299999999998,135.763,1601200
2000-09-04,501.82800000000003,136.46200000000002,140.661,135.063,139.961,1333700
2000-09-05,501.82800000000003,136.46200000000002,139.961,136.46200000000002,137.862,1449000
2000-09-06,494.108,134.363,136.46200000000002,134.363,136.46200000000002,1254400
2000-09-07,463.226,125.965,132.963,125.965,132.963,2147400
2000-09-08,442.63800000000003,120.367,127.365,120.367,125.965,2301900
2000-09-11,442.63800000000003,120.367,120.367,117.56700000000001,118.96700000000001,1086400
2000-09-12,442.63800000000003,120.367,120.367,120.367,120.367,0
2000-09-13,445.212,121.06700000000001,123.166,116.16799999999999,119.667,1641700
2000-09-14,437.491,118.96700000000001,123.866,118.96700000000001,121.06700000000001,1822600
2000-09-15,447.785,121.766,123.866,119.667,121.06700000000001,1680900
2000-09-18,447.785,121.766,124.566,121.06700000000001,123.166,1073200
2000-09-19,458.079,124.566,125.265,121.766,121.766,1952000
2000-09-20,481.241,130.864,131.564,127.365,127.365,3743900
2000-09-21,478.667,130.164,131.564,128.764,129.464,1817800
2000-09-22,450.35900000000004,122.46600000000001,127.365,121.766,123.866,2160700
2000-09-25,463.226,125.965,127.365,123.166,123.166,1697800
2000-09-26,465.8,126.665,128.065,121.06700000000001,125.265,1907400
2000-09-27,455.506,123.866,126.665,123.866,124.566,808600
2000-09-28,447.785,121.766,127.365,121.06700000000001,123.866,1363800
2000-09-29,427.19699999999995,116.16799999999999,122.46600000000001,116.16799999999999,122.46600000000001,1361200
2000-10-02,375.728,102.17200000000001,109.87,101.47200000000001,108.47,1615100
2000-10-03,396.316,107.77,109.17,100.772,101.47200000000001,3080600
2000-10-04,383.449,104.271,104.271,104.271,104.271,345600
2000-10-05,398.889,108.47,109.87,100.772,100.772,4961600
2000-10-06,419.477,114.069,114.76799999999999,108.47,108.47,2541100
2000-10-09,398.889,108.47,111.969,108.47,111.969,973100
2000-10-10,398.889,108.47,108.47,108.47,108.47,0
2000-10-11,386.022,104.971,107.07,104.971,104.971,978200
2000-10-12,373.154,101.47200000000001,103.571,97.62299999999999,101.47200000000001,2307100
2000-10-13,398.889,108.47,108.47,94.47399999999999,94.47399999999999,3717400
2000-10-16,398.889,108.47,108.47,108.47,108.47,0
2000-10-17,396.316,107.77,109.87,100.42200000000001,100.42200000000001,3271400
2000-10-18,375.728,102.17200000000001,109.87,102.17200000000001,107.07,2274000
2000-10-19,349.99300000000005,95.17399999999999,102.17200000000001,95.17399999999999,100.772,2223200
2000-10-20,374.441,101.822,101.822,101.822,101.822,1026400
2000-10-23,416.904,113.369,114.069,106.37100000000001,111.26899999999999,3663300
2000-10-24,432.344,117.56700000000001,120.367,111.969,113.369,3949500
2000-10-25,440.064,119.667,120.367,115.46799999999999,116.868,3280100
2000-10-26,427.19699999999995,116.16799999999999,118.96700000000001,116.16799999999999,116.16799999999999,1826100
2000-10-27,427.19699999999995,116.16799999999999,116.16799999999999,116.16799999999999,116.16799999999999,0
2000-10-30,414.33,112.669,112.669,112.669,112.669,126000
2000-10-31,414.33,112.669,115.46799999999999,109.17,109.17,4351800
2000-11-01,411.75699999999995,111.969,115.46799999999999,109.87,114.069,2024500
2000-11-02,429.77099999999996,116.868,117.56700000000001,112.669,115.46799999999999,3304900
2000-11-03,432.344,117.56700000000001,121.06700000000001,116.868,119.667,2607100
2000-11-06,432.344,117.56700000000001,119.667,116.16799999999999,119.667,1695500
2000-11-07,455.506,123.866,124.566,118.26700000000001,120.367,2830300
2000-11-08,455.506,123.866,128.065,121.766,125.965,3428700
2000-11-09,458.079,124.566,125.265,121.766,124.566,2217400
2000-11-10,452.93199999999996,123.166,125.265,122.46600000000001,124.566,1064900
2000-11-13,440.064,119.667,119.667,116.16799999999999,116.16799999999999,1806900
2000-11-14,437.491,118.96700000000001,121.06700000000001,116.16799999999999,120.367,2258200
2000-11-15,432.344,117.56700000000001,123.866,117.56700000000001,123.866,2139900
2000-11-16,404.036,109.87,115.46799999999999,109.87,111.969,1803300
2000-11-17,383.449,104.271,107.07,102.87200000000001,104.971,1373300
2000-11-20,356.42699999999996,96.92299999999999,101.47200000000001,96.92299999999999,101.47200000000001,1372700
2000-11-21,378.30199999999996,102.87200000000001,103.571,94.824,94.824,2519700
2000-11-22,368.00699999999995,100.072,104.971,99.37299999999999,102.87200000000001,2496100
2000-11-23,361.574,98.323,99.37299999999999,96.92299999999999,97.273,1224300
2000-11-24,380.875,103.571,104.271,99.37299999999999,99.37299999999999,2198300
2000-11-27,377.015,102.522,105.671,102.17200000000001,104.971,995000
2000-11-28,368.00699999999995,100.072,102.17200000000001,100.072,101.47200000000001,706700
2000-11-29,357.713,97.273,99.72200000000001,97.273,97.273,1050300
2000-11-30,359.0,97.62299999999999,99.37299999999999,95.87299999999999,97.973,1238100
2000-12-01,361.574,98.323,99.37299999999999,96.573,96.573,1572600
2000-12-04,347.41900000000015,94.47399999999999,96.573,94.47399999999999,96.573,618600
2000-12-05,338.413,92.025,95.17399999999999,91.675,94.47399999999999,1289300
2000-12-06,334.55199999999996,90.975,94.47399999999999,89.575,94.47399999999999,2573200
2000-12-07,322.971,87.82600000000002,89.575,87.82600000000002,88.176,1701800
2000-12-08,312.677,85.02600000000002,86.426,85.02600000000002,86.07600000000002,2131500
2000-12-11,320.39799999999997,87.126,88.176,85.02600000000002,85.376,2360000
2000-12-12,324.258,88.176,89.925,87.82600000000002,87.82600000000002,2191700
2000-12-13,320.39799999999997,87.126,88.176,85.376,88.176,1091800
2000-12-14,313.965,85.376,86.426,84.677,86.07600000000002,668000
2000-12-15,308.818,83.977,85.726,82.57700000000001,84.32700000000001,1300700
2000-12-18,301.097,81.877,84.32700000000001,81.527,83.977,912300
2000-12-19,290.803,79.078,80.828,79.078,80.47800000000002,1203200
2000-12-20,281.796,76.62899999999998,77.679,76.62899999999998,76.62899999999998,1266200
2000-12-21,272.788,74.179,74.179,74.179,74.179,462100
2000-12-22,266.355,72.43,75.579,71.73,72.43,1640000
2000-12-26,257.348,69.98100000000001,74.179,69.98100000000001,73.48,1329400
2000-12-27,248.34099999999998,67.531,68.23100000000001,67.531,68.23100000000001,1418600
2000-12-28,265.068,72.08,72.08,66.132,67.531,3298300
2000-12-29,256.061,69.631,71.38,69.631,71.38,1433100
2001-01-01,256.061,69.631,69.631,69.631,69.631,0
2001-01-02,262.495,71.38,72.08,66.482,66.482,1645200
2001-01-03,262.495,71.38,73.48,69.281,69.98100000000001,2079200
2001-01-04,280.509,76.279,76.279,74.179,76.279,2950800
2001-01-05,299.81,81.527,81.527,77.679,78.378,5217200
2001-01-08,301.097,81.877,86.07600000000002,79.778,80.47800000000002,5301000
2001-01-09,321.685,87.476,87.476,83.277,83.977,3635600
2001-01-10,343.56,93.42399999999999,93.42399999999999,87.82600000000002,88.875,4977000
2001-01-11,333.26599999999996,90.625,95.17399999999999,87.126,93.774,3846700
2001-01-12,326.832,88.875,90.625,86.07600000000002,90.625,2381100
2001-01-15,324.258,88.176,88.875,85.376,88.176,1171200
2001-01-16,346.13300000000015,94.124,94.124,88.176,88.176,3397900
2001-01-17,356.42699999999996,96.92299999999999,100.072,94.124,94.124,5036300
2001-01-18,356.42699999999996,96.92299999999999,99.37299999999999,94.824,97.973,4655800
2001-01-29,337.126,91.675,97.973,91.675,96.92299999999999,1780900
2001-01-30,360.287,97.973,97.973,91.675,92.374,2711100
2001-01-31,371.86800000000005,101.12200000000001,104.271,98.67299999999999,100.072,4671600
2001-02-01,375.728,102.17200000000001,103.571,100.772,101.47200000000001,2484900
2001-02-02,396.316,107.77,109.17,103.571,103.571,3349000
2001-02-05,388.596,105.671,106.37100000000001,102.17200000000001,104.971,2184400
2001-02-06,362.86,98.67299999999999,105.671,98.323,102.17200000000001,2232500
2001-02-07,362.86,98.67299999999999,99.37299999999999,96.573,97.273,1326800
2001-02-08,368.00699999999995,100.072,102.17200000000001,98.323,98.67299999999999,3137600
2001-02-09,360.287,97.973,100.072,96.573,100.072,1700400
2001-02-12,384.735,104.62100000000001,104.62100000000001,96.573,96.573,4102300
2001-02-13,409.18300000000005,111.26899999999999,111.26899999999999,107.77,107.77,3595900
2001-02-14,414.33,112.669,115.46799999999999,107.77,113.369,5526900
2001-02-15,429.77099999999996,116.868,119.667,113.369,115.46799999999999,4056800
2001-02-16,440.064,119.667,121.766,115.46799999999999,118.96700000000001,4663200
2001-02-19,419.477,114.069,118.96700000000001,113.369,114.069,2410100
2001-02-20,432.344,117.56700000000001,118.26700000000001,114.76799999999999,114.76799999999999,2790800
2001-02-21,422.05,114.76799999999999,116.868,111.969,115.46799999999999,2066800
2001-02-22,398.889,108.47,111.969,107.77,111.26899999999999,2399500
2001-02-23,383.449,104.271,109.87,103.571,108.47,2088700
2001-02-26,374.441,101.822,103.571,100.072,103.571,2290800
2001-02-27,369.29400000000004,100.42200000000001,104.971,100.072,103.571,2240400
2001-02-28,369.29400000000004,100.42200000000001,100.42200000000001,100.42200000000001,100.42200000000001,0
2001-03-01,359.0,97.62299999999999,97.62299999999999,93.42399999999999,96.92299999999999,3169500
2001-03-02,355.14,96.573,99.72200000000001,95.87299999999999,98.323,2672500
2001-03-05,378.30199999999996,102.87200000000001,103.221,96.92299999999999,97.273,3074000
2001-03-06,378.30199999999996,102.87200000000001,107.07,102.87200000000001,104.971,3262600
2001-03-07,404.036,109.87,109.87,105.671,105.671,3460000
2001-03-08,406.61,110.57,113.369,109.17,111.26899999999999,3147700
2001-03-09,398.889,108.47,109.17,106.37100000000001,107.07,1626000
2001-03-12,391.16900000000004,106.37100000000001,107.07,102.87200000000001,102.87200000000001,1652800
2001-03-13,404.036,109.87,111.969,104.971,105.671,4239000
2001-03-15,452.93199999999996,123.166,123.166,115.46799999999999,115.46799999999999,7766100
2001-03-16,450.35900000000004,122.46600000000001,126.665,121.06700000000001,124.566,6625300
2001-03-19,437.491,118.96700000000001,122.46600000000001,118.96700000000001,122.46600000000001,2328000
2001-03-20,442.63800000000003,120.367,121.766,117.56700000000001,118.96700000000001,4232900
2001-03-21,424.624,115.46799999999999,121.06700000000001,115.46799999999999,117.56700000000001,2815300
2001-03-22,440.064,119.667,119.667,116.16799999999999,116.16799999999999,2512100
2001-03-23,437.491,118.96700000000001,122.46600000000001,118.96700000000001,122.46600000000001,2274600
2001-03-26,447.785,121.766,121.766,118.26700000000001,118.96700000000001,1917100
2001-03-27,455.506,123.866,125.965,121.06700000000001,122.46600000000001,4750600
2001-03-28,437.491,118.96700000000001,124.566,118.96700000000001,123.866,2537000
2001-03-29,440.064,119.667,121.06700000000001,118.26700000000001,118.96700000000001,2021000
2001-03-30,437.491,118.96700000000001,121.06700000000001,118.26700000000001,119.667,1819700
2001-04-02,422.05,114.76799999999999,118.96700000000001,114.76799999999999,118.96700000000001,2371100
2001-04-03,401.463,109.17,112.669,108.47,111.969,2630000
2001-04-04,393.74199999999996,107.07,107.07,104.971,104.971,2179100
2001-04-05,393.74199999999996,107.07,107.07,107.07,107.07,0
2001-04-06,406.61,110.57,111.969,109.87,110.57,2023000
2001-04-09,391.16900000000004,106.37100000000001,109.87,105.671,109.87,1420600
2001-04-10,384.735,104.62100000000001,109.87,104.271,107.07,4162200
2001-04-11,384.735,104.62100000000001,106.37100000000001,103.571,105.671,3974600
2001-04-12,393.74199999999996,107.07,107.77,103.921,105.671,3391100
2001-04-13,386.022,104.971,108.47,104.971,108.47,2498700
2001-04-16,388.596,105.671,105.671,103.571,104.971,1280900
2001-04-17,386.022,104.971,106.37100000000001,104.62100000000001,105.671,1184000
2001-04-18,411.75699999999995,111.969,111.969,106.37100000000001,107.07,5184500
2001-04-19,422.05,114.76799999999999,117.56700000000001,114.76799999999999,117.56700000000001,6035700
2001-04-20,414.33,112.669,115.46799999999999,112.669,115.46799999999999,2541400
2001-04-23,411.75699999999995,111.969,113.369,110.57,112.669,1604900
2001-04-24,411.75699999999995,111.969,115.46799999999999,110.57,111.969,3493300
2001-04-25,393.74199999999996,107.07,111.969,105.671,111.26899999999999,3105600
2001-04-26,393.74199999999996,107.07,111.969,105.671,111.26899999999999,3105600
2001-04-27,380.875,103.571,104.971,103.571,104.971,1697100
2001-04-30,384.735,104.62100000000001,106.37100000000001,102.87200000000001,103.571,2299700
2001-05-01,384.735,104.62100000000001,104.62100000000001,104.62100000000001,104.62100000000001,0
2001-05-02,386.022,104.971,108.47,103.571,107.07,2669300
2001-05-03,388.596,105.671,107.07,103.921,104.971,1894300
2001-05-04,369.29400000000004,100.42200000000001,106.37100000000001,98.67299999999999,104.971,2455600
2001-05-07,371.86800000000005,101.12200000000001,102.522,99.023,100.772,1927900
2001-05-08,383.449,104.271,104.271,100.42200000000001,101.12200000000001,2225600
2001-05-09,388.596,105.671,107.77,104.271,104.971,2660300
2001-05-10,380.875,103.571,105.671,103.571,105.671,1529300
2001-05-11,383.449,104.271,107.07,101.47200000000001,103.571,2358500
2001-05-14,388.596,105.671,107.77,102.87200000000001,103.571,1555400
2001-05-15,388.596,105.671,107.77,105.671,105.671,1587900
2001-05-16,380.875,103.571,106.37100000000001,103.571,105.671,883200
2001-05-17,388.596,105.671,106.37100000000001,103.921,104.271,1538600
2001-05-18,388.596,105.671,107.77,104.971,107.07,2049100
2001-05-21,384.735,104.62100000000001,105.671,102.17200000000001,105.671,1191100
2001-05-22,391.16900000000004,106.37100000000001,107.07,104.62100000000001,105.671,1303200
2001-05-23,414.33,112.669,112.669,105.671,106.37100000000001,4726300
2001-05-24,414.33,112.669,115.46799999999999,111.969,112.669,4654100
2001-05-25,427.19699999999995,116.16799999999999,118.26700000000001,114.069,114.069,6332100
2001-05-28,432.344,117.56700000000001,118.26700000000001,114.76799999999999,116.16799999999999,2553200
2001-05-29,437.491,118.96700000000001,122.46600000000001,118.26700000000001,118.26700000000001,3944700
2001-05-30,437.491,118.96700000000001,120.367,117.56700000000001,118.96700000000001,2031100
2001-05-31,424.624,115.46799999999999,118.96700000000001,115.46799999999999,117.56700000000001,1872200
2001-06-01,432.344,117.56700000000001,117.56700000000001,115.46799999999999,115.46799999999999,1660700
2001-06-04,437.491,118.96700000000001,118.96700000000001,116.868,117.56700000000001,1407500
2001-06-05,440.064,119.667,120.367,118.26700000000001,118.96700000000001,1113700
2001-06-06,447.785,121.766,123.866,121.06700000000001,121.06700000000001,2935000
2001-06-07,445.212,121.06700000000001,122.46600000000001,118.96700000000001,121.766,1340600
2001-06-08,450.35900000000004,122.46600000000001,123.166,121.06700000000001,122.46600000000001,1931000
2001-06-11,450.35900000000004,122.46600000000001,123.166,121.06700000000001,122.46600000000001,1131200
2001-06-12,458.079,124.566,125.965,122.46600000000001,122.46600000000001,2430100
2001-06-13,455.506,123.866,125.965,122.46600000000001,123.866,1657300
2001-06-14,450.35900000000004,122.46600000000001,123.866,120.367,123.866,1522400
2001-06-15,450.35900000000004,122.46600000000001,122.46600000000001,121.06700000000001,121.766,651200
2001-06-18,440.064,119.667,122.46600000000001,118.26700000000001,121.766,836600
2001-06-19,437.491,118.96700000000001,120.367,117.56700000000001,118.96700000000001,527000
2001-06-20,445.212,121.06700000000001,122.46600000000001,118.96700000000001,118.96700000000001,862600
2001-06-21,450.35900000000004,122.46600000000001,123.166,121.06700000000001,121.06700000000001,1627600
2001-06-22,447.785,121.766,123.866,119.667,122.46600000000001,1362200
2001-06-25,447.785,121.766,121.766,121.766,121.766,0
2001-06-26,427.19699999999995,116.16799999999999,121.766,50.386,50.386,790100
2001-06-27,437.491,118.96700000000001,118.96700000000001,116.16799999999999,116.16799999999999,1142600
2001-06-28,447.785,121.766,122.46600000000001,118.26700000000001,120.367,2829500
2001-06-29,374.441,101.822,101.822,98.67299999999999,98.67299999999999,4140200
2001-07-02,384.735,104.62100000000001,104.62100000000001,99.37299999999999,102.17200000000001,1698000
2001-07-03,373.154,101.47200000000001,103.921,101.12200000000001,103.571,1902900
2001-07-04,366.721,99.72200000000001,100.072,97.973,99.37299999999999,1363000
2001-07-05,365.434,99.37299999999999,100.772,97.973,98.67299999999999,830100
2001-07-06,375.728,102.17200000000001,102.87200000000001,98.67299999999999,98.67299999999999,1987800
2001-07-09,396.316,107.77,109.17,102.17200000000001,102.522,2786500
2001-07-10,396.316,107.77,109.17,105.671,108.47,2715900
2001-07-11,393.74199999999996,107.07,108.47,105.671,106.37100000000001,1421700
2001-07-12,396.316,107.77,108.47,105.671,107.77,2207600
2001-07-13,388.596,105.671,110.57,105.671,109.17,2301900
2001-07-16,393.74199999999996,107.07,107.07,104.971,107.07,1590800
2001-07-17,388.596,105.671,107.77,104.971,107.07,1269000
2001-07-18,365.434,99.37299999999999,105.671,98.67299999999999,105.671,2079500
2001-07-19,365.434,99.37299999999999,100.42200000000001,95.17399999999999,95.87299999999999,2551000
2001-07-20,362.86,98.67299999999999,99.37299999999999,96.573,97.973,1640900
2001-07-23,359.0,97.62299999999999,100.072,96.573,99.37299999999999,796800
2001-07-24,352.566,95.87299999999999,97.62299999999999,94.47399999999999,97.62299999999999,1392400
2001-07-25,377.015,102.522,102.522,95.87299999999999,95.87299999999999,2959500
2001-07-26,388.596,105.671,106.37100000000001,101.47200000000001,102.522,2866300
2001-07-27,380.875,103.571,106.37100000000001,103.571,105.671,1535500
2001-07-30,380.875,103.571,103.571,103.571,103.571,0
2001-07-31,391.16900000000004,106.37100000000001,106.37100000000001,102.87200000000001,103.571,2380600
2001-08-01,388.596,105.671,107.07,104.271,107.07,1285200
2001-08-02,398.889,108.47,109.87,104.971,106.37100000000001,2657800
2001-08-03,398.889,108.47,108.47,107.07,108.47,1079700
2001-08-06,386.022,104.971,108.47,104.971,108.47,729000
2001-08-07,393.74199999999996,107.07,107.07,103.571,103.571,844500
2001-08-08,393.74199999999996,107.07,108.47,106.37100000000001,106.37100000000001,1070700
2001-08-09,391.16900000000004,106.37100000000001,108.47,105.671,107.07,689700
2001-08-10,383.449,104.271,105.671,103.221,105.671,1376800
2001-08-13,383.449,104.271,105.671,103.571,104.971,547800
2001-08-14,386.022,104.971,104.971,104.271,104.271,758500
2001-08-15,388.596,105.671,107.07,104.971,104.971,1541600
2001-08-16,388.596,105.671,107.77,104.971,105.671,1105300
2001-08-17,382.161,103.921,106.37100000000001,102.87200000000001,105.671,1822100
2001-08-20,378.30199999999996,102.87200000000001,103.571,101.47200000000001,102.17200000000001,857000
2001-08-21,368.00699999999995,100.072,103.221,99.72200000000001,102.87200000000001,1209500
2001-08-22,357.713,97.273,100.072,96.573,100.072,1876900
2001-08-23,349.99300000000005,95.17399999999999,97.273,93.074,96.573,3135300
2001-08-24,326.832,88.875,93.074,88.52600000000002,93.074,3146600
2001-08-27,326.832,88.875,89.575,85.376,88.875,2504600
2001-08-28,321.685,87.476,89.575,86.07600000000002,88.875,1558600
2001-08-29,342.273,93.074,93.074,86.07600000000002,86.77600000000002,4803100
2001-08-30,335.839,91.325,94.824,90.625,93.42399999999999,3198500
2001-08-31,324.258,88.176,89.575,86.07600000000002,88.875,2145500
2001-09-03,326.832,88.875,91.325,88.176,88.875,1984800
2001-09-04,348.707,94.824,94.824,89.225,89.225,3885400
2001-09-05,346.13300000000015,94.124,95.87299999999999,93.074,95.17399999999999,2995400
2001-09-06,335.839,91.325,94.124,90.975,94.124,1186700
2001-09-07,338.413,92.025,92.025,88.875,89.575,1049300
2001-09-10,339.699,92.374,93.074,89.925,90.975,1047100
2001-09-11,334.55199999999996,90.975,93.774,89.225,93.074,1211100
2001-09-12,334.55199999999996,90.975,90.975,90.975,90.975,0
2001-09-13,311.39099999999996,84.677,84.677,84.677,84.677,415900
2001-09-14,290.803,79.078,83.62700000000002,79.078,81.877,3600800
2001-09-17,290.803,79.078,79.078,79.078,79.078,0
2001-09-18,290.803,79.078,79.078,79.078,79.078,0
2001-09-19,290.803,79.078,79.078,79.078,79.078,0
2001-09-20,272.788,74.179,75.579,74.179,74.179,1606300
2001-09-21,263.782,71.73,71.73,71.73,71.73,62100
2001-09-24,263.782,71.73,71.73,71.73,71.73,0
2001-09-25,244.481,66.482,71.73,66.132,68.931,4434300
2001-09-26,258.635,70.331,71.03,66.132,66.482,6634500
2001-09-27,250.91400000000002,68.23100000000001,69.631,67.881,69.281,2054400
2001-09-28,250.91400000000002,68.23100000000001,68.23100000000001,68.23100000000001,68.23100000000001,0
2001-10-01,250.91400000000002,68.23100000000001,68.23100000000001,68.23100000000001,68.23100000000001,0
2001-10-02,257.348,69.98100000000001,72.08,67.881,72.08,2753400
2001-10-03,250.91400000000002,68.23100000000001,70.68,67.881,69.98100000000001,1923500
2001-10-04,257.348,69.98100000000001,71.73,69.98100000000001,71.38,3639700
2001-10-05,275.362,74.87899999999998,74.87899999999998,70.331,70.68,5109400
2001-10-08,280.509,76.279,76.979,74.87899999999998,74.87899999999998,2703600
2001-10-09,283.082,76.979,78.378,76.279,78.378,2093400
2001-10-10,283.082,76.979,76.979,76.979,76.979,0
2001-10-11,302.384,82.227,82.227,79.778,80.47800000000002,2992800
2001-10-12,311.39099999999996,84.677,86.77600000000002,83.277,83.62700000000002,5043000
2001-10-15,297.237,80.828,82.927,80.47800000000002,80.47800000000002,1369400
2001-10-16,306.244,83.277,83.277,81.178,81.178,1347900
2001-10-17,299.81,81.527,85.376,81.178,83.977,1829300
2001-10-18,294.663,80.128,80.47800000000002,78.378,80.47800000000002,2201300
2001-10-19,299.81,81.527,82.57700000000001,78.378,79.778,1555300
2001-10-22,303.671,82.57700000000001,83.977,81.527,82.57700000000001,1552800
2001-10-23,304.957,82.927,83.977,81.877,83.277,1292100
2001-10-24,324.258,88.176,88.52600000000002,83.277,83.277,3677800
2001-10-25,321.685,87.476,88.176,86.07600000000002,87.82600000000002,1879700
2001-10-26,319.112,86.77600000000002,89.925,86.77600000000002,88.875,2839900
2001-10-29,317.824,86.426,87.476,85.376,86.426,1627500
2001-10-30,301.097,81.877,85.376,81.877,85.02600000000002,1539400
2001-10-31,303.671,82.57700000000001,84.677,80.828,80.828,2416000
2001-11-01,311.39099999999996,84.677,85.376,83.277,83.62700000000002,2004900
2001-11-02,312.677,85.02600000000002,88.176,84.677,86.07600000000002,2008800
2001-11-05,321.685,87.476,87.476,85.02600000000002,86.07600000000002,1592100
2001-11-06,319.112,86.77600000000002,88.52600000000002,85.726,88.176,2737100
2001-11-07,313.965,85.376,87.82600000000002,83.62700000000002,87.82600000000002,4759100
2001-11-08,303.671,82.57700000000001,83.977,81.877,83.977,3911200
2001-11-09,303.671,82.57700000000001,82.57700000000001,82.57700000000001,82.57700000000001,0
2001-11-12,301.097,81.877,81.877,79.078,80.47800000000002,2301300
2001-11-13,295.95,80.47800000000002,82.927,80.47800000000002,80.47800000000002,1837300
2001-11-14,312.677,85.02600000000002,85.376,81.877,81.877,4285100
2001-11-15,321.685,87.476,87.476,83.977,85.02600000000002,4190500
2001-11-16,316.538,86.07600000000002,88.176,85.376,88.176,3209500
2001-11-19,328.11800000000005,89.225,89.575,84.677,84.677,3569100
2001-11-20,321.685,87.476,92.374,87.476,90.275,4554200
2001-11-21,328.11800000000005,89.225,89.225,85.376,86.07600000000002,2196000
2001-11-22,328.11800000000005,89.225,89.925,86.426,89.225,2216600
2001-11-23,349.99300000000005,95.17399999999999,95.17399999999999,89.575,90.275,8241100
2001-11-26,353.85400000000016,96.22399999999999,97.62299999999999,94.47399999999999,96.573,5895100
2001-11-27,359.0,97.62299999999999,98.67299999999999,93.774,97.973,6874300
2001-11-28,344.846,93.774,98.323,93.774,96.573,3258600
2001-11-29,353.85400000000016,96.22399999999999,96.22399999999999,91.675,93.074,2100100
2001-11-30,353.85400000000016,96.22399999999999,97.62299999999999,95.17399999999999,96.22399999999999,2604900
2001-12-03,370.58099999999996,100.772,101.47200000000001,97.273,97.62299999999999,3625400
2001-12-04,370.58099999999996,100.772,102.17200000000001,97.973,98.67299999999999,3592700
2001-12-05,378.30199999999996,102.87200000000001,104.271,100.072,102.17200000000001,5406300
2001-12-06,396.316,107.77,108.47,104.971,105.671,4655200
2001-12-07,384.735,104.62100000000001,107.77,101.47200000000001,105.671,4150400
2001-12-10,374.441,101.822,104.62100000000001,101.47200000000001,104.271,2501300
2001-12-11,379.588,103.221,104.271,100.072,100.072,3542000
2001-12-12,404.036,109.87,109.87,104.971,105.671,5267900
2001-12-13,396.316,107.77,115.46799999999999,106.37100000000001,112.669,7726200
2001-12-14,422.05,114.76799999999999,114.76799999999999,107.07,107.07,6707200
2001-12-17,404.036,109.87,112.669,107.77,110.57,3074600
2001-12-18,398.889,108.47,113.369,108.47,111.969,4335800
2001-12-19,391.16900000000004,106.37100000000001,111.26899999999999,104.971,109.17,2409400
2001-12-20,396.316,107.77,108.47,104.271,106.37100000000001,1676600
2001-12-21,374.441,101.822,107.77,101.47200000000001,105.671,2546500
2001-12-24,374.441,101.822,102.87200000000001,100.072,101.822,1705000
2001-12-25,393.74199999999996,107.07,107.77,101.822,101.822,2949400
2001-12-26,411.75699999999995,111.969,114.069,107.07,107.07,7897800
2001-12-27,388.596,105.671,111.26899999999999,104.971,111.26899999999999,3678300
2001-12-28,386.022,104.971,106.37100000000001,103.571,104.971,2397100
2001-12-31,393.74199999999996,107.07,108.47,105.671,107.07,2638400
2002-01-01,393.74199999999996,107.07,107.07,107.07,107.07,0
2002-01-02,419.477,114.069,114.069,107.07,109.17,7644000
2002-01-03,419.477,114.069,114.069,114.069,114.069,0
2002-01-04,414.33,112.669,116.16799999999999,111.26899999999999,112.669,4719800
2002-01-07,440.064,119.667,119.667,113.369,114.069,4733100
2002-01-08,442.63800000000003,120.367,122.46600000000001,118.26700000000001,121.766,4162600
2002-01-09,445.212,121.06700000000001,123.166,118.96700000000001,122.46600000000001,3335400
2002-01-10,437.491,118.96700000000001,123.166,117.56700000000001,121.766,2863500
2002-01-11,414.33,112.669,119.667,112.669,118.96700000000001,2627100
2002-01-14,419.477,114.069,114.76799999999999,110.57,111.969,1577600
2002-01-15,422.05,114.76799999999999,115.46799999999999,113.369,114.069,1760200
2002-01-16,411.75699999999995,111.969,114.76799999999999,111.969,114.069,1816800
2002-01-17,416.904,113.369,114.069,109.87,109.87,1428600
2002-01-18,416.904,113.369,116.16799999999999,111.969,114.069,2012600
2002-01-21,445.212,121.06700000000001,121.06700000000001,113.369,113.369,5140400
2002-01-22,437.491,118.96700000000001,123.166,117.56700000000001,122.46600000000001,3762000
2002-01-23,437.491,118.96700000000001,124.566,117.56700000000001,117.56700000000001,4718100
2002-01-24,437.491,118.96700000000001,121.766,117.56700000000001,118.96700000000001,2323500
2002-01-25,442.63800000000003,120.367,122.46600000000001,120.367,121.766,3227200
2002-01-28,445.212,121.06700000000001,123.866,120.367,121.766,2551100
2002-01-29,440.064,119.667,121.766,118.96700000000001,121.06700000000001,1637300
2002-01-30,434.917,118.26700000000001,119.667,118.26700000000001,118.26700000000001,1387900
2002-01-31,434.917,118.26700000000001,118.26700000000001,118.26700000000001,118.26700000000001,0
2002-02-01,440.064,119.667,122.46600000000001,119.667,120.367,1937200
2002-02-04,450.35900000000004,122.46600000000001,123.866,120.367,121.06700000000001,3093700
2002-02-05,455.506,123.866,123.866,120.367,122.46600000000001,1749900
2002-02-06,463.226,125.965,128.065,125.265,125.265,3460800
2002-02-07,463.226,125.965,125.965,125.965,125.965,0
2002-02-08,463.226,125.965,125.965,125.965,125.965,0
2002-02-11,463.226,125.965,125.965,125.965,125.965,0
2002-02-12,463.226,125.965,125.965,125.965,125.965,0
2002-02-13,463.226,125.965,125.965,125.965,125.965,0
2002-02-14,463.226,125.965,125.965,125.965,125.965,0
2002-02-15,463.226,125.965,125.965,125.965,125.965,0
2002-02-18,470.94699999999995,128.065,130.864,126.665,128.065,3869000
2002-02-19,450.35900000000004,122.46600000000001,129.464,122.46600000000001,128.764,2388400
2002-02-20,434.917,118.26700000000001,122.46600000000001,118.26700000000001,121.06700000000001,2064900
2002-02-21,437.491,118.96700000000001,121.766,118.26700000000001,121.06700000000001,1841500
2002-02-22,429.77099999999996,116.868,118.26700000000001,115.46799999999999,117.56700000000001,1626000
2002-02-25,419.477,114.069,117.56700000000001,113.369,116.868,1006400
2002-02-26,422.05,114.76799999999999,118.96700000000001,114.76799999999999,116.16799999999999,1593900
2002-02-27,437.491,118.96700000000001,119.667,115.46799999999999,115.46799999999999,1492900
2002-02-28,437.491,118.96700000000001,118.96700000000001,118.96700000000001,118.96700000000001,0
2002-03-01,427.19699999999995,116.16799999999999,118.26700000000001,114.069,118.26700000000001,2388200
2002-03-04,432.344,117.56700000000001,119.667,117.56700000000001,118.96700000000001,2429100
2002-03-05,434.917,118.26700000000001,121.06700000000001,116.16799999999999,119.667,2626600
2002-03-06,432.344,117.56700000000001,118.26700000000001,114.76799999999999,118.26700000000001,2373200
2002-03-07,424.624,115.46799999999999,118.26700000000001,114.76799999999999,118.26700000000001,3177600
2002-03-08,419.477,114.069,116.868,113.369,115.46799999999999,2270600
2002-03-11,432.344,117.56700000000001,118.26700000000001,114.76799999999999,114.76799999999999,1978800
2002-03-12,432.344,117.56700000000001,118.96700000000001,116.868,117.56700000000001,2136700
2002-03-13,424.624,115.46799999999999,118.96700000000001,115.46799999999999,117.56700000000001,1659800
2002-03-14,419.477,114.069,114.76799999999999,112.669,113.369,2338300
2002-03-15,411.75699999999995,111.969,115.46799999999999,111.969,114.069,1812400
2002-03-18,406.61,110.57,112.669,110.57,111.969,1066500
2002-03-19,398.889,108.47,111.26899999999999,108.47,110.57,1488000
2002-03-20,406.61,110.57,110.57,107.77,108.47,1581300
2002-03-21,398.889,108.47,110.57,108.47,108.47,1111500
2002-03-22,404.036,109.87,111.969,109.87,110.57,2066100
2002-03-25,416.904,113.369,113.369,109.87,111.26899999999999,1181600
2002-03-26,411.75699999999995,111.969,113.369,111.26899999999999,112.669,945800
2002-03-27,396.316,107.77,113.369,106.37100000000001,113.369,3627600
2002-03-28,401.463,109.17,109.87,107.07,107.77,2008900
2002-03-29,396.316,107.77,109.87,107.07,109.87,1656300
2002-04-01,396.316,107.77,107.77,106.37100000000001,107.07,923500
2002-04-02,396.316,107.77,111.969,107.07,107.07,3399800
2002-04-03,388.596,105.671,107.77,104.971,107.07,2215500
2002-04-04,371.86800000000005,101.12200000000001,105.671,99.023,104.971,5456000
2002-04-05,371.86800000000005,101.12200000000001,101.12200000000001,101.12200000000001,101.12200000000001,0
2002-04-08,359.0,97.62299999999999,98.323,95.524,95.524,4146000
2002-04-09,357.713,97.273,99.023,96.92299999999999,97.973,2372800
2002-04-10,361.574,98.323,100.072,97.273,97.273,2903400
2002-04-11,359.0,97.62299999999999,99.37299999999999,97.273,98.67299999999999,2064700
2002-04-12,365.434,99.37299999999999,100.072,96.573,97.62299999999999,2011700
2002-04-15,365.434,99.37299999999999,101.12200000000001,99.37299999999999,100.772,1509500
2002-04-16,365.434,99.37299999999999,100.072,97.973,99.37299999999999,1358200
2002-04-17,378.30199999999996,102.87200000000001,103.571,100.772,101.47200000000001,3746600
2002-04-18,382.161,103.921,104.62100000000001,103.221,104.271,3276400
2002-04-19,386.022,104.971,105.671,103.221,104.62100000000001,1635800
2002-04-22,396.316,107.77,107.77,104.62100000000001,104.971,1960800
2002-04-23,388.596,105.671,107.77,104.971,107.77,902400
2002-04-24,383.449,104.271,106.37100000000001,102.87200000000001,105.671,1113100
2002-04-25,357.713,97.273,102.87200000000001,97.273,102.87200000000001,4663900
2002-04-26,353.85400000000016,96.22399999999999,97.62299999999999,94.47399999999999,97.273,3030400
2002-04-29,346.13300000000015,94.124,96.22399999999999,93.774,95.524,2580000
2002-04-30,322.971,87.82600000000002,90.975,87.82600000000002,90.975,5153300
2002-05-01,322.971,87.82600000000002,87.82600000000002,87.82600000000002,87.82600000000002,0
2002-05-02,301.097,81.877,87.126,81.877,86.77600000000002,6754100
2002-05-03,307.53,83.62700000000002,84.32700000000001,81.527,81.527,3144300
2002-05-06,290.803,79.078,82.927,78.378,82.57700000000001,2334600
2002-05-07,310.1040000000001,84.32700000000001,84.32700000000001,79.078,79.078,3058700
2002-05-08,313.965,85.376,86.77600000000002,84.32700000000001,86.77600000000002,3217700
2002-05-09,313.965,85.376,88.875,85.376,88.176,2765600
2002-05-10,329.405,89.575,90.275,83.62700000000002,84.32700000000001,3258400
2002-05-13,320.39799999999997,87.126,89.225,86.77600000000002,89.225,1455800
2002-05-14,324.258,88.176,88.875,85.376,88.176,1477100
2002-05-15,335.839,91.325,92.72399999999999,88.875,89.925,2666600
2002-05-16,324.258,88.176,90.625,87.82600000000002,90.275,990400
2002-05-17,325.545,88.52600000000002,90.975,87.476,88.176,1743900
2002-05-20,311.39099999999996,84.677,88.176,84.32700000000001,88.176,1575200
2002-05-21,312.677,85.02600000000002,86.426,83.977,83.977,2536000
2002-05-22,312.677,85.02600000000002,86.426,83.977,85.376,2283600
2002-05-23,306.244,83.277,84.677,82.927,84.677,1701500
2002-05-24,311.39099999999996,84.677,85.376,83.277,84.32700000000001,3339300
2002-05-27,307.53,83.62700000000002,83.977,82.927,83.277,1330500
2002-05-28,304.957,82.927,85.02600000000002,81.877,83.277,1431100
2002-05-29,298.524,81.178,82.57700000000001,81.178,81.877,1084500
2002-05-30,295.95,80.47800000000002,82.57700000000001,78.72800000000002,80.47800000000002,2483800
2002-05-31,290.803,79.078,81.178,79.078,80.47800000000002,1331500
2002-06-03,292.09,79.428,80.828,78.72800000000002,79.078,1546300
2002-06-04,294.663,80.128,80.47800000000002,78.72800000000002,79.078,1218400
2002-06-05,302.384,82.227,82.927,80.47800000000002,81.178,1998100
2002-06-06,303.671,82.57700000000001,83.62700000000002,81.178,82.227,1920900
2002-06-07,292.09,79.428,81.877,78.72800000000002,81.178,1452700
2002-06-10,295.95,80.47800000000002,81.527,80.128,80.128,1134400
2002-06-11,283.082,76.979,81.178,76.979,80.47800000000002,1389300
2002-06-12,276.649,75.229,78.028,74.529,76.979,1748100
2002-06-13,288.23,78.378,78.378,76.279,76.279,1561400
2002-06-14,286.943,78.028,79.078,76.979,78.028,779300
2002-06-17,290.803,79.078,80.128,78.378,78.72800000000002,2539700
2002-06-18,288.23,78.378,80.47800000000002,78.378,80.47800000000002,1188000
2002-06-19,268.92900000000003,73.13,78.028,73.13,77.679,2046600
2002-06-20,263.782,71.73,72.43,69.98100000000001,72.43,1719400
2002-06-21,270.215,73.48,74.179,69.98100000000001,69.98100000000001,1866700
2002-06-24,262.495,71.38,73.48,69.98100000000001,72.78,1846300
2002-06-25,265.068,72.08,73.48,69.98100000000001,72.08,2395400
2002-06-26,249.627,67.881,70.68,67.181,70.68,2313300
2002-06-27,253.488,68.931,69.631,67.531,68.23100000000001,1671500
2002-06-28,258.635,70.331,71.03,69.281,69.98100000000001,1249800
2002-07-01,252.201,68.581,70.68,68.581,70.68,972700
2002-07-02,252.201,68.581,69.98100000000001,67.881,67.881,915800
2002-07-03,267.642,72.78,73.13,66.482,67.881,2371700
2002-07-04,272.788,74.179,75.229,72.43,73.48,1777700
2002-07-05,289.51599999999996,78.72800000000002,79.078,75.229,75.579,3141100
2002-07-08,297.237,80.828,82.927,79.778,80.47800000000002,3062400
2002-07-09,295.95,80.47800000000002,80.47800000000002,79.078,79.778,1213600
2002-07-10,295.95,80.47800000000002,81.178,78.378,79.778,1366100
2002-07-11,293.377,79.778,81.178,79.078,79.078,1120300
2002-07-12,306.244,83.277,83.62700000000002,79.778,79.778,1967700
2002-07-15,298.524,81.178,83.277,81.178,83.277,1238800
2002-07-16,286.943,78.028,82.227,76.979,81.178,2361300
2002-07-17,262.495,71.38,75.579,70.68,75.229,2177400
2002-07-18,258.635,70.331,71.38,69.281,70.68,1974100
2002-07-19,259.921,70.68,72.43,68.581,69.98100000000001,1438700
2002-07-22,249.627,67.881,69.98100000000001,67.881,69.281,1621600
2002-07-23,250.91400000000002,68.23100000000001,68.931,66.482,67.181,3041500
2002-07-24,241.907,65.782,67.531,65.082,67.531,2061700
2002-07-25,244.481,66.482,68.581,66.482,68.581,1486700
2002-07-26,231.613,62.983000000000004,64.032,62.983000000000004,63.681999999999995,1699900
2002-07-29,231.613,62.983000000000004,64.382,62.283,63.681999999999995,1632400
2002-07-30,241.907,65.782,66.482,65.082,65.082,2461100
2002-07-31,240.62,65.432,66.482,65.082,66.132,1170400
2002-08-01,225.179,61.233000000000004,64.382,60.883,63.333,3718200
2002-08-02,223.893,60.883,60.883,58.083999999999996,58.784,1980500
2002-08-05,208.452,56.684,58.784,56.684,57.034,2182200
2002-08-06,212.312,57.733999999999995,58.784,56.684,56.684,2181200
2002-08-07,223.893,60.883,61.583,59.483999999999995,60.183,2304600
2002-08-08,227.753,61.933,64.382,60.183,61.583,3551700
2002-08-09,241.907,65.782,66.132,64.032,64.382,3548700
2002-08-12,238.047,64.732,66.482,64.732,66.132,2753500
2002-08-13,236.76,64.382,65.082,64.032,64.382,1012700
2002-08-14,236.76,64.382,64.382,63.333,63.333,1372600
2002-08-15,236.76,64.382,66.482,64.032,65.432,2415800
2002-08-16,230.326,62.633,65.082,62.283,64.732,3137100
2002-08-19,220.032,59.833,62.283,59.483999999999995,61.583,2617900
2002-08-20,221.32,60.183,61.233000000000004,59.833,60.883,2900900
2002-08-21,221.32,60.183,60.183,59.13399999999999,59.833,1698700
2002-08-22,218.74599999999998,59.483999999999995,61.233000000000004,59.483999999999995,60.183,3743400
2002-08-23,218.74599999999998,59.483999999999995,59.483999999999995,59.483999999999995,59.483999999999995,0
2002-08-26,223.893,60.883,60.883,58.784,58.784,1549100
2002-08-27,217.459,59.13399999999999,61.233000000000004,59.13399999999999,60.883,2013300
2002-08-28,213.59900000000002,58.083999999999996,59.483999999999995,58.083999999999996,58.784,1280100
2002-08-29,216.172,58.784,59.13399999999999,58.083999999999996,58.083999999999996,1381500
2002-08-30,212.312,57.733999999999995,59.13399999999999,57.38399999999999,58.784,1338500
2002-09-02,199.445,54.235,56.684,53.885,56.684,2825900
2002-09-03,187.864,51.08600000000001,54.235,51.08600000000001,54.235,3818800
2002-09-04,187.864,51.08600000000001,52.486000000000004,50.036,50.036,3236900
2002-09-05,186.577,50.736000000000004,52.136,50.386,52.136,3261900
2002-09-06,186.577,50.736000000000004,50.736000000000004,50.736000000000004,50.736000000000004,0
2002-09-09,193.011,52.486000000000004,52.835,50.386,51.08600000000001,3013800
2002-09-10,195.584,53.185,53.185,51.43600000000001,52.136,2416600
2002-09-11,199.445,54.235,54.585,53.185,53.885,2676500
2002-09-12,205.878,55.985,56.684,53.885,54.235,4836000
2002-09-13,209.738,57.034,58.083999999999996,55.985,55.985,4368200
2002-09-16,198.158,53.885,57.38399999999999,53.885,57.034,2925500
2002-09-17,211.025,57.38399999999999,57.38399999999999,53.885,54.585,3117400
2002-09-18,203.305,55.285,55.985,54.935,55.635,2251400
2002-09-19,204.592,55.635,57.38399999999999,55.635,55.985,2530600
2002-09-20,203.305,55.285,55.635,53.885,54.585,2164200
2002-09-23,200.731,54.585,55.635,54.235,55.285,1034000
2002-09-24,203.305,55.285,56.333999999999996,54.585,54.585,2187900
2002-09-25,205.878,55.985,56.684,54.585,55.635,3837200
2002-09-26,213.59900000000002,58.083999999999996,59.13399999999999,57.034,57.38399999999999,5749500
2002-09-27,211.025,57.38399999999999,59.483999999999995,57.38399999999999,58.784,3085300
2002-09-30,211.025,57.38399999999999,57.38399999999999,55.285,56.684,1735000
2002-10-01,204.592,55.635,57.034,55.635,56.333999999999996,1591500
2002-10-02,202.018,54.935,57.034,54.935,57.034,2585700
2002-10-03,193.011,52.486000000000004,54.585,52.486000000000004,54.585,2008600
2002-10-04,181.43099999999998,49.33600000000001,52.136,48.986000000000004,51.786,4211100
2002-10-07,169.85,46.187,48.637,46.187,48.287,1996600
2002-10-08,172.423,46.887,47.236999999999995,45.486999999999995,46.187,2273000
2002-10-09,171.136,46.537,48.287,46.537,46.887,2405600
2002-10-10,171.136,46.537,46.537,46.537,46.537,0
2002-10-11,165.989,45.13800000000001,48.287,44.088,48.287,2862800
2002-10-14,172.423,46.887,46.887,45.13800000000001,45.486999999999995,2480100
2002-10-15,184.00400000000002,50.036,50.036,47.937,47.937,3158400
2002-10-16,191.72400000000002,52.136,52.835,50.386,51.43600000000001,4665100
2002-10-17,191.72400000000002,52.136,52.486000000000004,50.736000000000004,51.43600000000001,3823600
2002-10-18,203.305,55.285,55.635,52.835,53.885,5945700
2002-10-21,200.731,54.585,55.285,53.885,55.285,2180700
2002-10-22,195.584,53.185,55.985,52.835,55.285,2425700
2002-10-23,207.165,56.333999999999996,56.684,52.136,53.185,3952500
2002-10-24,205.878,55.985,57.38399999999999,54.935,56.333999999999996,3934200
2002-10-25,191.72400000000002,52.136,53.885,52.136,53.885,4565500
2002-10-28,185.29,50.386,51.43600000000001,50.036,50.386,6298600
2002-10-29,187.864,51.08600000000001,51.43600000000001,50.036,50.386,3466200
2002-10-30,181.43099999999998,49.33600000000001,51.08600000000001,48.287,50.736000000000004,2177600
2002-10-31,185.29,50.386,51.08600000000001,50.036,50.386,2392500
2002-11-01,185.29,50.386,51.43600000000001,50.036,50.736000000000004,3004000
2002-11-04,187.864,51.08600000000001,52.136,51.08600000000001,51.786,2305000
2002-11-05,187.864,51.08600000000001,52.486000000000004,51.08600000000001,52.136,1943300
2002-11-06,196.87099999999998,53.535,54.235,51.08600000000001,51.43600000000001,4111200
2002-11-07,200.731,54.585,55.635,53.535,54.585,4249400
2002-11-08,195.584,53.185,54.235,52.835,53.885,2366300
2002-11-11,186.577,50.736000000000004,52.835,50.736000000000004,52.835,2582800
2002-11-12,193.011,52.486000000000004,52.486000000000004,49.68600000000001,49.68600000000001,2173000
2002-11-13,187.864,51.08600000000001,52.136,50.736000000000004,52.136,1413400
2002-11-14,186.577,50.736000000000004,52.136,50.736000000000004,51.43600000000001,1283700
2002-11-15,190.437,51.786,52.486000000000004,51.43600000000001,51.786,2389000
2002-11-18,186.577,50.736000000000004,51.786,50.736000000000004,51.43600000000001,1125000
2002-11-19,186.577,50.736000000000004,51.43600000000001,50.386,50.736000000000004,1038200
2002-11-20,181.43099999999998,49.33600000000001,50.736000000000004,49.33600000000001,50.386,1274300
2002-11-21,178.857,48.637,50.386,48.287,49.68600000000001,2499200
2002-11-22,178.857,48.637,50.736000000000004,48.287,50.036,3401100
2002-11-25,177.57,48.287,48.637,47.586999999999996,48.637,1983500
2002-11-26,174.99599999999995,47.586999999999996,48.986000000000004,47.586999999999996,48.287,1490500
2002-11-27,172.423,46.887,47.586999999999996,46.537,47.236999999999995,1213300
2002-11-28,178.857,48.637,48.986000000000004,47.586999999999996,47.586999999999996,2723500
2002-11-29,182.717,49.68600000000001,50.736000000000004,48.637,48.986000000000004,2215300
2002-12-02,182.717,49.68600000000001,49.68600000000001,49.68600000000001,49.68600000000001,0
2002-12-03,195.584,53.185,53.185,51.786,52.486000000000004,3633500
2002-12-04,194.298,52.835,53.185,52.136,53.185,1850600
2002-12-05,193.011,52.486000000000004,53.185,51.786,52.486000000000004,1645900
2002-12-06,186.577,50.736000000000004,52.136,50.386,52.136,1472400
2002-12-09,193.011,52.486000000000004,52.486000000000004,51.43600000000001,52.136,1897400
2002-12-10,184.00400000000002,50.036,51.786,49.33600000000001,51.786,2159700
2002-12-11,181.43099999999998,49.33600000000001,50.736000000000004,49.33600000000001,50.386,1172700
2002-12-12,177.57,48.287,50.036,48.287,49.68600000000001,1498700
2002-12-13,172.423,46.887,47.937,46.537,46.887,2770300
2002-12-16,171.136,46.537,47.236999999999995,46.187,46.187,883900
2002-12-17,171.136,46.537,47.586999999999996,46.537,46.887,1353100
2002-12-18,163.416,44.438,46.537,44.088,46.187,2433900
2002-12-19,158.269,43.038000000000004,44.088,42.338,44.088,3031500
2002-12-20,167.27599999999995,45.486999999999995,45.486999999999995,40.939,43.038000000000004,4561000
2002-12-23,162.129,44.088,45.13800000000001,43.38800000000001,45.13800000000001,1341600
2002-12-24,160.842,43.738,44.788000000000004,43.738,44.088,1469100
2002-12-25,163.416,44.438,44.788000000000004,43.38800000000001,43.738,1262800
2002-12-26,165.989,45.13800000000001,45.13800000000001,43.738,45.13800000000001,1087200
2002-12-27,160.842,43.738,45.13800000000001,43.38800000000001,45.13800000000001,1085400
2002-12-30,154.409,41.988,43.038000000000004,41.638999999999996,42.688,1604900
2002-12-31,156.982,42.688,42.688,41.638999999999996,41.988,1217500
2003-01-01,156.982,42.688,42.688,42.688,42.688,0
2003-01-02,158.269,43.038000000000004,43.38800000000001,41.288999999999994,41.988,1985800
2003-01-03,160.842,43.738,44.438,43.38800000000001,43.738,2499800
2003-01-06,162.129,44.088,44.438,43.38800000000001,44.088,1257400
2003-01-07,163.416,44.438,45.13800000000001,44.088,44.438,2120000
2003-01-08,162.129,44.088,44.788000000000004,43.038000000000004,44.088,2126400
2003-01-09,160.842,43.738,44.788000000000004,43.38800000000001,43.738,1682400
2003-01-10,163.416,44.438,45.486999999999995,44.088,44.788000000000004,2961000
2003-01-13,172.423,46.887,46.887,44.788000000000004,44.788000000000004,3642200
2003-01-14,173.71,47.236999999999995,48.287,46.887,47.937,3325800
2003-01-15,173.71,47.236999999999995,48.637,46.887,47.586999999999996,3519800
2003-01-16,169.85,46.187,47.586999999999996,46.187,47.236999999999995,2256900
2003-01-17,171.136,46.537,46.887,45.486999999999995,45.836999999999996,1125900
2003-01-20,167.27599999999995,45.486999999999995,46.537,45.486999999999995,45.836999999999996,987500
2003-01-21,165.989,45.13800000000001,46.537,45.13800000000001,45.486999999999995,1477000
2003-01-22,165.989,45.13800000000001,45.486999999999995,44.088,45.13800000000001,964800
2003-01-23,172.423,46.887,47.236999999999995,45.13800000000001,45.13800000000001,2219700
2003-01-24,171.136,46.537,47.586999999999996,46.187,47.236999999999995,1119200
2003-01-27,160.842,43.738,46.537,43.38800000000001,46.537,2272400
2003-01-28,163.416,44.438,44.788000000000004,43.738,43.738,2323300
2003-01-29,163.416,44.438,44.438,44.438,44.438,0
2003-01-30,163.416,44.438,44.438,44.438,44.438,0
2003-01-31,163.416,44.438,44.438,44.438,44.438,0
2003-02-03,163.416,44.438,44.438,44.438,44.438,0
2003-02-04,163.416,44.438,44.438,44.438,44.438,0
2003-02-05,163.416,44.438,44.438,44.438,44.438,0
2003-02-06,153.122,41.638999999999996,44.088,41.638999999999996,43.38800000000001,2156700
2003-02-07,155.695,42.338,42.688,40.939,40.939,1415200
2003-02-10,162.129,44.088,44.438,41.988,42.688,1885600
2003-02-11,158.269,43.038000000000004,44.788000000000004,43.038000000000004,44.788000000000004,612800
2003-02-12,156.982,42.688,43.38800000000001,42.688,43.038000000000004,599400
2003-02-13,153.122,41.638999999999996,43.038000000000004,41.638999999999996,42.338,731200
2003-02-14,153.122,41.638999999999996,42.688,41.288999999999994,41.988,1241200
2003-02-17,163.416,44.438,44.438,43.038000000000004,43.038000000000004,1709200
2003-02-18,159.556,43.38800000000001,44.438,43.38800000000001,44.088,1167700
2003-02-19,154.409,41.988,44.438,41.988,44.088,1853400
2003-02-20,154.409,41.988,42.688,41.638999999999996,41.988,1185800
2003-02-21,155.695,42.338,42.688,41.988,42.338,1077300
2003-02-24,160.842,43.738,44.088,41.988,42.688,1347500
2003-02-25,155.695,42.338,43.038000000000004,41.988,43.038000000000004,884900
2003-02-26,154.409,41.988,42.688,41.988,42.338,1066400
2003-02-27,151.835,41.288999999999994,41.638999999999996,40.939,41.638999999999996,1158400
2003-02-28,151.835,41.288999999999994,41.288999999999994,41.288999999999994,41.288999999999994,0
2003-03-03,154.409,41.988,42.688,41.288999999999994,41.288999999999994,1924000
2003-03-04,154.409,41.988,42.338,41.288999999999994,41.638999999999996,1140000
2003-03-05,154.409,41.988,42.688,41.638999999999996,41.988,1302500
2003-03-06,155.695,42.338,42.688,41.988,42.338,1453900
2003-03-07,158.269,43.038000000000004,44.088,41.638999999999996,41.988,2583700
2003-03-10,160.842,43.738,44.438,43.038000000000004,43.738,2631300
2003-03-11,165.989,45.13800000000001,45.486999999999995,43.38800000000001,43.38800000000001,3850500
2003-03-12,169.85,46.187,46.187,44.788000000000004,45.13800000000001,3141000
2003-03-13,164.703,44.788000000000004,46.187,44.788000000000004,46.187,2530400
2003-03-14,165.989,45.13800000000001,46.537,45.13800000000001,46.537,3504400
2003-03-17,160.842,43.738,45.486999999999995,43.738,45.13800000000001,2232700
2003-03-18,171.136,46.537,46.537,45.13800000000001,45.486999999999995,3907500
2003-03-19,171.136,46.537,47.236999999999995,45.836999999999996,46.537,2651400
2003-03-20,178.857,48.637,48.986000000000004,46.887,47.586999999999996,6107700
2003-03-21,176.28400000000005,47.937,48.637,47.586999999999996,48.637,2051800
2003-03-24,176.28400000000005,47.937,48.637,47.586999999999996,48.287,1742200
2003-03-25,171.136,46.537,47.236999999999995,45.836999999999996,46.537,1534900
2003-03-26,168.563,45.836999999999996,47.236999999999995,45.486999999999995,46.887,1693000
2003-03-27,176.28400000000005,47.937,47.937,45.486999999999995,45.486999999999995,3591300
2003-03-28,174.99599999999995,47.586999999999996,47.937,47.236999999999995,47.937,2740900
2003-03-31,171.136,46.537,47.236999999999995,46.187,46.887,1722000
2003-04-01,174.99599999999995,47.586999999999996,47.937,46.187,46.187,2660600
2003-04-02,174.99599999999995,47.586999999999996,47.937,46.887,47.586999999999996,1764300
2003-04-03,180.143,48.986000000000004,49.68600000000001,48.287,48.986000000000004,5200000
2003-04-04,189.15099999999998,51.43600000000001,51.43600000000001,48.637,48.986000000000004,5286600
2003-04-07,191.72400000000002,52.136,52.486000000000004,51.08600000000001,51.786,4664500
2003-04-08,187.864,51.08600000000001,52.136,51.08600000000001,52.136,2631800
2003-04-09,187.864,51.08600000000001,51.08600000000001,50.036,51.08600000000001,3261700
2003-04-10,187.864,51.08600000000001,51.43600000000001,50.386,51.08600000000001,2225400
2003-04-11,190.437,51.786,51.786,50.386,50.736000000000004,2671300
2003-04-14,181.43099999999998,49.33600000000001,51.43600000000001,48.986000000000004,51.43600000000001,2323400
2003-04-15,184.00400000000002,50.036,50.736000000000004,49.33600000000001,49.33600000000001,1539100
2003-04-16,191.72400000000002,52.136,52.486000000000004,50.386,50.386,2291800
2003-04-17,187.864,51.08600000000001,52.136,50.386,52.136,1393000
2003-04-18,190.437,51.786,53.535,51.786,51.786,2697600
2003-04-21,189.15099999999998,51.43600000000001,52.486000000000004,51.43600000000001,52.136,1434500
2003-04-22,186.577,50.736000000000004,51.43600000000001,50.736000000000004,51.43600000000001,786100
2003-04-23,189.15099999999998,51.43600000000001,52.486000000000004,51.08600000000001,51.786,1760700
2003-04-24,186.577,50.736000000000004,51.43600000000001,50.036,51.43600000000001,2554100
2003-04-25,178.857,48.637,50.036,48.287,49.33600000000001,3257700
2003-04-28,171.136,46.537,47.236999999999995,45.486999999999995,47.236999999999995,2935000
2003-04-29,174.99599999999995,47.586999999999996,47.937,46.537,46.887,3060600
2003-04-30,174.99599999999995,47.586999999999996,48.986000000000004,47.236999999999995,48.986000000000004,1876400
2003-05-01,174.99599999999995,47.586999999999996,47.586999999999996,47.586999999999996,47.586999999999996,0
2003-05-02,182.717,49.68600000000001,50.036,47.586999999999996,47.937,2253800
2003-05-05,186.577,50.736000000000004,50.736000000000004,48.637,49.68600000000001,1729000
2003-05-06,185.29,50.386,51.08600000000001,49.68600000000001,50.736000000000004,1214600
2003-05-07,187.864,51.08600000000001,51.08600000000001,49.68600000000001,50.736000000000004,1112000
2003-05-08,185.29,50.386,51.08600000000001,49.33600000000001,49.68600000000001,1949900
2003-05-09,185.29,50.386,51.08600000000001,50.036,50.386,1303700
2003-05-12,189.15099999999998,51.43600000000001,51.43600000000001,50.386,50.386,1954100
2003-05-13,193.011,52.486000000000004,53.185,52.136,52.136,2844100
2003-05-14,196.87099999999998,53.535,53.535,52.136,52.486000000000004,3058000
2003-05-15,193.011,52.486000000000004,53.185,51.786,53.185,1298600
2003-05-16,187.864,51.08600000000001,53.185,51.08600000000001,53.185,1617900
2003-05-19,185.29,50.386,50.736000000000004,50.036,50.736000000000004,1259600
2003-05-20,186.577,50.736000000000004,51.08600000000001,49.33600000000001,49.68600000000001,1180000
2003-05-21,184.00400000000002,50.036,51.08600000000001,50.036,51.08600000000001,1262500
2003-05-22,190.437,51.786,51.786,50.036,50.036,2148900
2003-05-23,196.87099999999998,53.535,53.535,51.43600000000001,51.786,3609300
2003-05-26,205.878,55.985,55.985,53.885,54.235,3509300
2003-05-27,204.592,55.635,55.635,54.935,55.285,2222100
2003-05-28,204.592,55.635,57.034,55.635,56.684,2893400
2003-05-29,208.452,56.684,56.684,55.635,55.985,3664400
2003-05-30,208.452,56.684,58.434,55.985,55.985,2632200
2003-06-02,214.885,58.434,58.784,57.38399999999999,57.38399999999999,1798900
2003-06-03,212.312,57.733999999999995,58.434,57.38399999999999,58.083999999999996,1776100
2003-06-04,212.312,57.733999999999995,57.733999999999995,57.733999999999995,57.733999999999995,0
2003-06-05,213.59900000000002,58.083999999999996,59.13399999999999,57.38399999999999,58.434,2431300
2003-06-06,214.885,58.434,58.784,57.034,57.733999999999995,1967700
2003-06-09,229.04,62.283,62.283,57.733999999999995,58.434,4465100
2003-06-10,225.179,61.233000000000004,61.583,60.883,61.583,2414500
2003-06-11,225.179,61.233000000000004,61.933,60.183,61.583,2512100
2003-06-12,229.04,62.283,64.032,61.583,61.583,3274400
2003-06-13,234.187,63.681999999999995,64.382,62.283,62.983000000000004,2551500
2003-06-16,231.613,62.983000000000004,63.681999999999995,62.633,63.681999999999995,1108300
2003-06-17,236.76,64.382,64.382,63.333,64.382,2851100
2003-06-18,240.62,65.432,67.181,64.382,65.432,4040000
2003-06-19,239.334,65.082,65.782,64.382,65.782,1784600
2003-06-20,235.47299999999998,64.032,64.382,63.333,63.333,2214600
2003-06-23,229.04,62.283,64.382,62.283,64.032,1354200
2003-06-24,229.04,62.283,63.681999999999995,61.933,62.283,1949700
2003-06-25,236.76,64.382,65.082,61.933,62.283,2641500
2003-06-26,231.613,62.983000000000004,64.382,62.983000000000004,64.382,1426300
2003-06-27,230.326,62.633,63.333,61.233000000000004,62.983000000000004,2746900
2003-06-30,225.179,61.233000000000004,62.283,60.183,62.283,1520000
2003-07-01,234.187,63.681999999999995,63.681999999999995,60.883,60.883,1533700
2003-07-02,234.187,63.681999999999995,64.732,63.333,64.732,1696600
2003-07-03,238.047,64.732,66.132,64.032,64.382,3108800
2003-07-04,241.907,65.782,65.782,64.032,64.732,1697300
2003-07-07,252.201,68.581,68.931,66.132,66.482,3055600
2003-07-08,253.488,68.931,70.331,67.881,69.631,3302300
2003-07-09,249.627,67.881,69.98100000000001,67.881,69.281,1893700
2003-07-10,244.481,66.482,69.281,66.132,68.581,1657500
2003-07-11,247.054,67.181,67.881,65.782,65.782,1733200
2003-07-14,256.061,69.631,70.331,67.531,67.531,2571600
2003-07-15,254.774,69.281,70.68,69.281,69.98100000000001,1441700
2003-07-16,265.068,72.08,72.08,69.631,69.98100000000001,1971900
2003-07-17,254.774,69.281,71.38,68.931,71.03,2356300
2003-07-18,252.201,68.581,69.281,67.881,68.23100000000001,1075900
2003-07-21,247.054,67.181,69.281,67.181,68.581,1135700
2003-07-22,250.91400000000002,68.23100000000001,68.581,67.181,67.181,1064500
2003-07-23,258.635,70.331,71.38,68.581,68.581,1608000
2003-07-24,276.649,75.229,75.229,71.03,71.73,4597300
2003-07-25,295.95,80.47800000000002,80.47800000000002,75.229,75.229,4641900
2003-07-28,294.663,80.128,83.277,79.778,83.277,3235800
2003-07-29,288.23,78.378,80.47800000000002,75.929,80.128,2282700
2003-07-30,279.223,75.929,78.72800000000002,74.529,78.378,3546400
2003-07-31,288.23,78.378,78.378,74.87899999999998,75.929,3785100
2003-08-01,289.51599999999996,78.72800000000002,80.696,77.941,78.72800000000002,5063900
2003-08-04,285.1740000000001,77.547,79.516,77.154,79.516,1779900
2003-08-05,277.935,75.579,78.72800000000002,75.579,78.72800000000002,1478300
2003-08-06,273.593,74.398,74.398,73.217,73.217,2186400
2003-08-07,262.012,71.249,74.792,71.249,74.398,1865500
2003-08-08,270.698,73.611,75.579,72.43,72.824,2754600
2003-08-11,272.145,74.00399999999998,74.792,71.643,73.611,3171300
2003-08-12,263.46,71.643,73.217,71.249,73.217,2574900
2003-08-13,267.803,72.824,73.217,71.643,71.643,3042000
2003-08-14,263.46,71.643,73.217,71.643,72.824,2096500
2003-08-15,266.355,72.43,73.611,71.249,72.824,2400500
2003-08-18,262.012,71.249,72.824,71.249,72.43,1251400
2003-08-19,267.803,72.824,73.611,72.036,72.43,3127200
2003-08-20,270.698,73.611,74.398,72.824,73.611,2016200
2003-08-21,275.041,74.792,75.579,73.217,73.611,2192700
2003-08-22,273.593,74.398,75.973,73.611,75.579,1744700
2003-08-25,270.698,73.611,74.398,72.43,74.398,1225900
2003-08-26,257.67,70.068,72.036,68.494,71.643,2408000
2003-08-27,254.774,69.281,71.249,68.887,70.068,2162000
2003-08-28,254.774,69.281,70.855,68.494,70.068,2828500
2003-08-29,266.355,72.43,72.43,70.068,70.068,2605300
2003-09-01,259.117,70.462,73.611,70.462,73.217,2876500
2003-09-02,256.222,69.67399999999999,70.462,69.281,70.068,2071000
2003-09-03,259.117,70.462,71.249,69.67399999999999,70.855,2528000
2003-09-04,254.774,69.281,70.462,68.494,70.462,1807500
2003-09-05,247.537,67.313,70.068,66.919,69.281,2636500
2003-09-08,248.984,67.706,68.494,66.525,67.313,1994700
2003-09-09,248.984,67.706,69.281,67.313,68.1,1898400
2003-09-10,257.67,70.068,70.068,67.313,67.706,2863700
2003-09-12,260.565,70.855,72.036,70.462,70.462,2447700
2003-09-15,254.774,69.281,70.855,69.281,70.855,1546000
2003-09-16,259.117,70.462,70.462,69.281,69.281,985500
2003-09-17,263.46,71.643,72.824,70.855,71.249,2945700
2003-09-18,266.355,72.43,72.43,70.855,72.43,1684700
2003-09-19,264.908,72.036,73.217,71.249,72.824,1870100
2003-09-22,254.774,69.281,71.643,69.281,71.643,1485600
2003-09-23,251.87900000000002,68.494,69.281,67.706,67.706,1950900
2003-09-24,256.222,69.67399999999999,70.068,68.494,68.887,1945000
2003-09-25,251.87900000000002,68.494,68.887,67.706,68.1,1495100
2003-09-26,247.537,67.313,68.887,67.313,68.494,1594000
2003-09-29,247.537,67.313,68.1,67.313,67.313,1323100
2003-09-30,247.537,67.313,68.494,67.313,68.1,911300
2003-10-01,246.08900000000003,66.919,68.1,66.919,67.313,846200
2003-10-02,248.984,67.706,68.1,66.919,68.1,1240400
2003-10-03,248.984,67.706,67.706,66.525,67.706,1883100
2003-10-06,248.984,67.706,68.887,66.919,68.494,2507100
2003-10-07,247.537,67.313,68.494,66.919,68.1,2179900
2003-10-08,238.851,64.95100000000001,67.706,64.95100000000001,67.313,2916000
2003-10-09,237.403,64.557,65.344,63.37600000000001,64.557,2997900
2003-10-13,240.299,65.344,66.525,64.95100000000001,65.344,2087000
2003-10-14,240.299,65.344,66.525,65.344,66.132,1875600
2003-10-15,241.74599999999998,65.738,66.525,65.344,66.132,1968000
2003-10-16,246.08900000000003,66.919,66.919,65.738,66.132,2115100
2003-10-17,244.641,66.525,66.919,65.738,66.919,1956800
2003-10-20,241.74599999999998,65.738,66.525,65.344,66.132,1407400
2003-10-21,241.74599999999998,65.738,66.525,65.344,66.132,2216500
2003-10-22,244.641,66.525,67.313,65.344,66.132,3820100
2003-10-23,237.403,64.557,66.132,64.557,66.132,2147600
2003-10-24,235.956,64.164,65.344,64.164,64.557,1071400
2003-10-27,235.956,64.164,64.95100000000001,64.164,64.164,1039500
2003-10-28,240.299,65.344,65.344,64.164,64.164,2659100
2003-10-29,237.403,64.557,66.132,63.77,65.738,2155500
2003-10-30,240.299,65.344,65.738,64.557,64.557,3649800
2003-10-31,234.50799999999998,63.77,65.738,63.77,65.344,1643100
2003-11-03,234.50799999999998,63.77,64.557,63.37600000000001,63.37600000000001,981500
2003-11-04,237.403,64.557,64.95100000000001,63.77,64.557,1876400
2003-11-05,234.50799999999998,63.77,64.95100000000001,63.77,64.557,1181400
2003-11-06,234.50799999999998,63.77,64.557,62.983000000000004,64.164,2141300
2003-11-07,227.27,61.802,64.164,61.013999999999996,64.164,3399100
2003-11-10,227.27,61.802,63.37600000000001,61.013999999999996,61.802,3701400
2003-11-11,222.928,60.621,62.195,60.227,61.802,2955000
2003-11-12,224.375,61.013999999999996,61.013999999999996,59.833,60.621,1994300
2003-11-13,224.375,61.013999999999996,61.802,61.013999999999996,61.802,3316900
2003-11-14,221.48,60.227,61.408,59.833,61.013999999999996,2008500
2003-11-17,218.584,59.44,60.621,58.653,59.833,2859300
2003-11-18,221.48,60.227,60.227,59.04600000000001,59.44,1830400
2003-11-19,218.584,59.44,60.227,59.44,59.833,1515700
2003-11-20,220.032,59.833,61.802,59.04600000000001,59.44,2871500
2003-11-21,230.166,62.589,62.983000000000004,59.833,59.833,5177200
2003-11-24,230.166,62.589,63.37600000000001,61.802,62.983000000000004,2531300
2003-11-25,231.613,62.983000000000004,63.77,62.983000000000004,63.77,1678700
2003-11-26,228.718,62.195,63.37600000000001,62.195,62.983000000000004,1348400
2003-11-27,220.032,59.833,62.195,59.833,62.195,1993900
2003-11-28,220.032,59.833,61.013999999999996,59.833,60.621,1497500
2003-12-01,222.928,60.621,61.013999999999996,59.44,59.833,1217300
2003-12-02,224.375,61.013999999999996,61.408,60.621,61.408,1069200
2003-12-03,218.584,59.44,61.408,59.04600000000001,61.013999999999996,2582500
2003-12-04,218.584,59.44,59.833,59.04600000000001,59.44,1614100
2003-12-05,233.06099999999998,63.37600000000001,63.37600000000001,60.227,60.621,8005700
2003-12-08,233.06099999999998,63.37600000000001,63.77,62.195,63.37600000000001,3072800
2003-12-09,233.06099999999998,63.37600000000001,63.77,62.195,63.37600000000001,1798400
2003-12-10,230.166,62.589,62.983000000000004,62.195,62.589,1157300
2003-12-11,227.27,61.802,62.983000000000004,61.013999999999996,62.589,1991000
2003-12-12,227.27,61.802,62.589,61.408,61.802,1317800
2003-12-15,231.613,62.983000000000004,62.983000000000004,62.195,62.195,1258500
2003-12-16,230.166,62.589,62.589,61.802,62.589,1185300
2003-12-17,218.584,59.44,62.589,59.04600000000001,62.589,2622300
2003-12-18,221.48,60.227,60.621,59.44,59.44,2676000
2003-12-19,218.584,59.44,61.013999999999996,59.44,61.013999999999996,1559100
2003-12-22,221.48,60.227,60.227,58.653,59.833,1890600
2003-12-23,220.032,59.833,60.621,59.44,59.833,1431000
2003-12-24,220.032,59.833,60.621,59.833,59.833,1189700
2003-12-25,218.584,59.44,60.227,59.44,59.833,739300
2003-12-26,224.375,61.013999999999996,61.013999999999996,59.44,59.44,1913700
2003-12-29,221.48,60.227,60.621,59.833,60.621,764400
2003-12-30,218.584,59.44,60.227,57.865,60.227,4526500
2003-12-31,217.137,59.04600000000001,59.44,58.653,59.04600000000001,1227700
2004-01-02,220.032,59.833,60.621,59.04600000000001,59.04600000000001,1662200
2004-01-05,220.032,59.833,60.621,59.44,59.833,1703000
2004-01-06,218.584,59.44,60.621,59.44,60.227,2134200
2004-01-07,218.584,59.44,60.621,59.44,59.833,1333200
2004-01-08,221.48,60.227,60.621,59.44,60.227,1678700
2004-01-09,235.956,64.164,64.164,61.408,61.408,8923300
2004-01-12,243.19400000000002,66.132,66.919,64.95100000000001,64.95100000000001,6900200
2004-01-13,243.19400000000002,66.132,66.919,65.344,66.919,2893100
2004-01-14,247.537,67.313,67.313,65.344,66.132,2882300
2004-01-15,241.74599999999998,65.738,67.313,65.738,67.313,2034000
2004-01-16,240.299,65.344,66.525,65.344,66.132,1648300
2004-01-19,240.299,65.344,65.344,65.344,65.344,0
2004-01-20,240.299,65.344,65.344,65.344,65.344,0
2004-01-21,240.299,65.344,65.344,65.344,65.344,0
2004-01-22,240.299,65.344,65.344,65.344,65.344,0
2004-01-23,240.299,65.344,65.344,65.344,65.344,0
2004-01-26,240.299,65.344,65.344,65.344,65.344,0
2004-01-27,230.166,62.589,66.132,61.802,66.132,4472100
2004-01-28,227.27,61.802,62.589,61.408,62.195,2206100
2004-01-29,230.166,62.589,62.589,61.013999999999996,61.408,3735100
2004-01-30,230.166,62.589,62.983000000000004,61.802,62.589,2240500
2004-02-02,224.375,61.013999999999996,62.195,61.013999999999996,61.802,2161500
2004-02-03,218.584,59.44,61.013999999999996,59.04600000000001,61.013999999999996,3050400
2004-02-04,220.032,59.833,61.013999999999996,59.44,59.44,2211100
2004-02-05,220.032,59.833,60.621,59.44,59.833,1499300
2004-02-06,222.928,60.621,61.408,59.833,60.227,2175400
2004-02-09,228.718,62.195,62.589,61.013999999999996,61.802,2976000
2004-02-10,230.166,62.589,62.589,61.408,62.195,1870300
2004-02-11,234.50799999999998,63.77,63.77,62.589,62.983000000000004,2947600
2004-02-12,237.403,64.557,65.344,63.77,64.164,4513600
2004-02-13,240.299,65.344,65.738,64.95100000000001,65.344,2410800
2004-02-16,233.06099999999998,63.37600000000001,65.738,62.983000000000004,65.344,1526100
2004-02-17,234.50799999999998,63.77,64.164,62.983000000000004,62.983000000000004,860800
2004-02-18,243.19400000000002,66.132,66.525,64.557,64.95100000000001,4332000
2004-02-19,247.537,67.313,67.313,65.738,66.525,3924700
2004-02-20,254.774,69.281,69.281,67.706,67.706,5749800
2004-02-23,254.774,69.281,70.068,68.1,69.67399999999999,2887700
2004-02-24,246.08900000000003,66.919,68.887,66.919,68.887,1906400
2004-02-25,250.43200000000002,68.1,68.887,66.919,66.919,1714700
2004-02-26,253.327,68.887,68.887,67.706,68.887,1636000
2004-02-27,253.327,68.887,69.281,68.1,68.887,1206900
2004-03-01,257.67,70.068,70.068,68.887,68.887,2893300
2004-03-02,260.565,70.855,71.249,70.068,70.855,3558800
2004-03-03,253.327,68.887,71.249,68.887,70.855,1619300
2004-03-04,253.327,68.887,69.67399999999999,68.494,68.887,1796100
2004-03-05,253.327,68.887,69.67399999999999,68.1,69.281,2113400
2004-03-08,250.43200000000002,68.1,69.281,67.706,68.887,1635400
2004-03-09,248.984,67.706,68.494,67.313,68.1,1118400
2004-03-10,248.984,67.706,68.887,67.313,68.1,1312200
2004-03-11,243.19400000000002,66.132,66.919,65.738,66.919,1748200
2004-03-12,235.956,64.164,64.95100000000001,64.164,64.95100000000001,2544900
2004-03-15,234.50799999999998,63.77,65.738,63.77,65.738,1835600
2004-03-16,231.613,62.983000000000004,63.77,62.195,63.77,2332300
2004-03-17,237.403,64.557,64.557,63.37600000000001,63.37600000000001,3310800
2004-03-18,244.641,66.525,66.919,63.37600000000001,63.37600000000001,3049000
2004-03-19,241.74599999999998,65.738,66.525,64.95100000000001,66.525,2040200
2004-03-22,225.82299999999998,61.408,61.408,61.408,61.408,358800
2004-03-23,215.69,58.653,60.227,57.472,57.472,5287300
2004-03-24,224.375,61.013999999999996,61.408,59.44,59.833,2593000
2004-03-25,222.928,60.621,62.983000000000004,60.621,62.983000000000004,1563300
2004-03-26,225.82299999999998,61.408,62.195,60.621,61.802,1667200
2004-03-29,240.299,65.344,65.344,62.589,64.164,2095500
2004-03-30,231.613,62.983000000000004,65.738,62.983000000000004,65.344,2040100
2004-03-31,228.718,62.195,63.77,61.802,62.983000000000004,1278000
2004-04-01,233.06099999999998,63.37600000000001,63.77,61.802,62.195,1181800
2004-04-02,233.06099999999998,63.37600000000001,63.77,62.983000000000004,63.37600000000001,862000
2004-04-05,238.851,64.95100000000001,64.95100000000001,62.983000000000004,64.164,1053000
2004-04-06,231.613,62.983000000000004,64.95100000000001,62.589,64.557,1628400
2004-04-07,233.06099999999998,63.37600000000001,63.37600000000001,61.802,62.589,2185700
2004-04-08,228.718,62.195,63.37600000000001,61.802,62.983000000000004,1408400
2004-04-09,228.718,62.195,62.589,61.802,62.195,735600
2004-04-12,234.50799999999998,63.77,64.164,62.983000000000004,62.983000000000004,1103200
2004-04-13,233.06099999999998,63.37600000000001,64.164,62.983000000000004,64.164,1132900
2004-04-14,233.06099999999998,63.37600000000001,63.37600000000001,62.589,62.983000000000004,1256000
2004-04-15,231.613,62.983000000000004,63.77,62.589,63.37600000000001,1042300
2004-04-16,230.166,62.589,62.983000000000004,62.195,62.983000000000004,1301500
2004-04-19,225.82299999999998,61.408,62.589,61.408,62.195,1214000
2004-04-20,224.375,61.013999999999996,61.802,60.227,61.408,2684500
2004-04-21,221.48,60.227,61.013999999999996,60.227,60.621,1520400
2004-04-22,222.928,60.621,61.802,60.227,60.621,2117400
2004-04-23,224.375,61.013999999999996,61.408,60.227,61.408,1117000
2004-04-26,225.82299999999998,61.408,61.408,60.621,61.013999999999996,944300
2004-04-27,221.48,60.227,61.013999999999996,59.833,61.013999999999996,1920400
2004-04-28,218.584,59.44,60.227,59.04600000000001,60.227,1519100
2004-04-29,217.137,59.04600000000001,59.833,58.25899999999999,59.04600000000001,2048900
2004-04-30,205.55700000000002,55.897,59.04600000000001,55.11,59.04600000000001,2562100
2004-05-03,212.795,57.865,58.25899999999999,55.503,56.684,2657400
2004-05-04,214.24200000000002,58.25899999999999,59.04600000000001,57.078,58.653,1627600
2004-05-05,205.55700000000002,55.897,58.25899999999999,54.716,58.25899999999999,2362400
2004-05-06,209.899,57.078,57.472,55.897,55.897,1730900
2004-05-07,221.48,60.227,60.227,56.291000000000004,56.684,3070800
2004-05-10,211.347,57.472,59.04600000000001,57.472,58.653,1681200
2004-05-11,221.48,60.227,60.621,56.684,58.25899999999999,2110500
2004-05-12,222.928,60.621,61.408,60.227,60.621,2833000
2004-05-13,225.82299999999998,61.408,61.408,59.833,60.621,2160900
2004-05-14,222.928,60.621,61.802,60.621,61.802,2571400
2004-05-17,212.795,57.865,59.04600000000001,57.078,58.25899999999999,1563900
2004-05-18,224.375,61.013999999999996,61.802,58.25899999999999,58.25899999999999,2479300
2004-05-19,230.166,62.589,63.37600000000001,61.802,62.195,3893300
2004-05-20,230.166,62.589,62.589,61.013999999999996,61.802,1748300
2004-05-21,234.50799999999998,63.77,63.77,61.408,62.195,2573100
2004-05-24,234.50799999999998,63.77,64.164,62.983000000000004,62.983000000000004,1876900
2004-05-25,231.613,62.983000000000004,63.77,62.195,63.37600000000001,934500
2004-05-26,233.06099999999998,63.37600000000001,64.164,62.983000000000004,63.77,1676900
2004-05-27,233.06099999999998,63.37600000000001,63.37600000000001,62.589,63.37600000000001,1470000
2004-05-28,235.956,64.164,64.164,62.983000000000004,63.37600000000001,1381800
2004-05-31,235.956,64.164,64.557,62.983000000000004,63.77,1404800
2004-06-01,233.06099999999998,63.37600000000001,64.164,62.983000000000004,63.37600000000001,1332800
2004-06-02,228.718,62.195,63.37600000000001,62.195,62.983000000000004,1102200
2004-06-03,222.928,60.621,62.589,60.621,61.408,1540800
2004-06-04,224.375,61.013999999999996,61.013999999999996,59.833,60.227,1658900
2004-06-07,234.50799999999998,63.77,64.164,61.013999999999996,61.408,3065100
2004-06-08,237.403,64.557,64.557,62.983000000000004,63.77,1720800
2004-06-09,237.403,64.557,64.95100000000001,63.77,64.557,1443300
2004-06-10,228.718,62.195,64.164,62.195,63.77,1174300
2004-06-11,222.928,60.621,61.408,60.227,60.621,1571200
2004-06-14,222.928,60.621,62.589,60.621,61.408,1539700
2004-06-15,230.166,62.589,62.589,60.227,60.621,1602700
2004-06-16,233.06099999999998,63.37600000000001,64.164,62.195,64.164,1764100
2004-06-17,231.613,62.983000000000004,64.557,62.195,62.983000000000004,2486900
2004-06-18,227.27,61.802,62.983000000000004,60.621,62.983000000000004,1757500
2004-06-21,225.82299999999998,61.408,63.37600000000001,60.621,63.37600000000001,1050400
2004-06-22,225.82299999999998,61.408,61.408,61.408,61.408,0
2004-06-23,231.613,62.983000000000004,63.37600000000001,61.013999999999996,61.408,1809500
2004-06-24,231.613,62.983000000000004,63.37600000000001,62.195,62.983000000000004,1453300
2004-06-25,230.166,62.589,62.983000000000004,61.408,62.195,2084700
2004-06-28,222.928,60.621,61.802,59.833,61.802,2083900
2004-06-29,222.928,60.621,60.621,59.44,59.833,2062100
2004-06-30,221.48,60.227,61.013999999999996,59.833,60.621,1746200
2004-07-01,218.584,59.44,60.621,59.44,60.621,1117800
2004-07-02,214.24200000000002,58.25899999999999,58.653,57.472,58.25899999999999,2260400
2004-07-05,209.899,57.078,57.865,56.291000000000004,57.078,1396700
2004-07-06,217.137,59.04600000000001,59.04600000000001,57.078,57.472,2466700
2004-07-07,217.137,59.04600000000001,59.04600000000001,57.078,57.865,1094600
2004-07-08,215.69,58.653,59.44,58.25899999999999,59.44,1286100
2004-07-09,221.48,60.227,60.227,58.25899999999999,58.25899999999999,1271700
2004-07-12,220.032,59.833,60.227,59.04600000000001,59.44,753800
2004-07-13,220.032,59.833,59.833,58.25899999999999,59.44,882400
2004-07-14,211.347,57.472,59.833,57.078,59.833,1659800
2004-07-15,205.55700000000002,55.897,58.25899999999999,55.503,57.865,2249400
2004-07-16,205.55700000000002,55.897,57.078,55.503,55.897,1133900
2004-07-19,205.55700000000002,55.897,56.684,54.716,55.897,1428500
2004-07-20,204.109,55.503,56.291000000000004,55.11,55.503,1155700
2004-07-21,211.347,57.472,57.472,55.897,56.291000000000004,1726300
2004-07-22,212.795,57.865,57.865,55.503,55.897,1737000
2004-07-23,211.347,57.472,58.25899999999999,57.078,57.865,846800
2004-07-26,212.795,57.865,57.865,56.291000000000004,57.078,598900
2004-07-27,215.69,58.653,59.44,57.472,57.865,1743200
2004-07-28,217.137,59.04600000000001,59.833,59.04600000000001,59.04600000000001,1140900
2004-07-29,217.137,59.04600000000001,59.44,58.653,59.04600000000001,902000
2004-07-30,217.137,59.04600000000001,60.227,59.04600000000001,59.44,2305600
2004-08-02,211.347,57.472,59.04600000000001,57.078,58.653,1001100
2004-08-03,218.584,59.44,59.44,56.684,56.684,1322700
2004-08-04,212.795,57.865,59.04600000000001,57.865,59.04600000000001,824800
2004-08-05,220.032,59.833,61.408,57.472,58.25899999999999,3142400
2004-08-06,227.27,61.802,62.195,59.44,59.833,4047700
2004-08-09,207.005,56.291000000000004,56.684,55.11,55.11,3860700
2004-08-10,202.66099999999997,55.11,56.291000000000004,55.11,55.897,2394500
2004-08-11,199.766,54.323,55.897,54.323,55.503,1536100
2004-08-12,195.423,53.14100000000001,54.716,51.96100000000001,54.323,2534000
2004-08-13,195.423,53.14100000000001,53.535,51.173,52.74800000000001,1867600
2004-08-16,193.976,52.74800000000001,53.535,52.354,52.74800000000001,586400
2004-08-17,195.423,53.14100000000001,53.928999999999995,52.74800000000001,53.535,886700
2004-08-18,204.109,55.503,55.897,52.74800000000001,53.535,1762500
2004-08-19,209.899,57.078,57.472,55.897,56.291000000000004,3372200
2004-08-20,208.452,56.684,57.865,56.291000000000004,56.684,1666200
2004-08-23,211.347,57.472,57.865,57.078,57.078,1550700
2004-08-24,211.347,57.472,57.472,57.472,57.472,0
2004-08-25,211.347,57.472,57.472,57.472,57.472,0
2004-08-26,225.82299999999998,61.408,61.408,58.653,58.653,5649500
2004-08-27,221.48,60.227,61.408,59.833,61.408,2271800
2004-08-30,220.032,59.833,60.227,58.653,59.833,1970900
2004-08-31,220.032,59.833,61.013999999999996,59.04600000000001,59.833,2351300
2004-09-01,217.137,59.04600000000001,60.227,57.865,59.833,2493900
2004-09-02,214.24200000000002,58.25899999999999,59.04600000000001,57.865,58.653,2349600
2004-09-03,209.899,57.078,59.04600000000001,57.078,59.04600000000001,1853100
2004-09-06,211.347,57.472,57.472,55.11,56.684,2549500
2004-09-07,211.347,57.472,57.865,57.078,57.472,1489300
2004-09-08,211.347,57.472,58.653,57.472,57.865,2105100
2004-09-09,215.69,58.653,58.653,57.472,57.865,1031500
2004-09-10,214.24200000000002,58.25899999999999,59.04600000000001,57.865,59.04600000000001,704900
2004-09-13,215.69,58.653,59.04600000000001,58.25899999999999,59.04600000000001,1203900
2004-09-14,221.48,60.227,61.013999999999996,59.04600000000001,59.04600000000001,2482200
2004-09-15,215.69,58.653,60.227,58.653,59.833,1360200
2004-09-16,217.137,59.04600000000001,59.833,57.865,58.25899999999999,1034600
2004-09-17,214.24200000000002,58.25899999999999,59.44,58.25899999999999,59.44,936300
2004-09-20,218.584,59.44,59.833,58.25899999999999,58.653,1221100
2004-09-21,220.032,59.833,60.227,59.44,59.833,922300
2004-09-22,218.584,59.44,59.833,59.04600000000001,59.833,849100
2004-09-23,218.584,59.44,59.44,58.653,59.04600000000001,910800
2004-09-24,220.032,59.833,60.621,59.44,59.833,1909200
2004-09-27,218.584,59.44,60.227,58.653,59.833,916400
2004-09-28,218.584,59.44,59.44,59.44,59.44,0
2004-09-29,214.24200000000002,58.25899999999999,59.44,58.25899999999999,59.44,779400
2004-09-30,215.69,58.653,59.833,58.25899999999999,58.653,749300
2004-10-01,220.032,59.833,59.833,59.04600000000001,59.44,1173200
2004-10-04,224.375,61.013999999999996,61.013999999999996,60.227,60.621,1845900
2004-10-05,225.82299999999998,61.408,61.802,61.013999999999996,61.013999999999996,1867500
2004-10-06,227.27,61.802,62.983000000000004,61.013999999999996,61.408,3044300
2004-10-07,228.718,62.195,62.983000000000004,61.408,62.589,985800
2004-10-08,222.928,60.621,62.195,59.833,61.408,2204800
2004-10-11,221.48,60.227,60.621,59.04600000000001,60.621,2172100
2004-10-12,214.24200000000002,58.25899999999999,59.833,58.25899999999999,59.833,1501800
2004-10-13,211.347,57.472,58.653,57.078,58.25899999999999,2342200
2004-10-14,208.452,56.684,57.472,56.684,57.472,1388300
2004-10-15,208.452,56.684,57.865,56.291000000000004,56.684,1225000
2004-10-18,209.899,57.078,57.472,56.684,56.684,539100
2004-10-19,211.347,57.472,57.865,57.078,57.472,2077200
2004-10-20,211.347,57.472,58.25899999999999,57.078,57.472,1723200
2004-10-21,208.452,56.684,57.865,56.684,57.078,1660700
2004-10-22,209.899,57.078,57.472,56.684,57.472,549600
2004-10-25,209.899,57.078,57.078,57.078,57.078,0
2004-10-26,207.005,56.291000000000004,57.078,55.897,56.684,1256800
2004-10-27,207.005,56.291000000000004,56.684,55.897,56.291000000000004,826600
2004-10-28,208.452,56.684,57.472,56.684,56.684,1280000
2004-10-29,214.24200000000002,58.25899999999999,58.25899999999999,56.291000000000004,56.684,1735200
2004-11-01,215.69,58.653,59.44,57.865,59.04600000000001,1340600
2004-11-02,220.032,59.833,60.227,58.25899999999999,58.653,1831000
2004-11-03,224.375,61.013999999999996,61.013999999999996,59.833,59.833,2397000
2004-11-04,221.48,60.227,61.013999999999996,59.833,61.013999999999996,1800000
2004-11-05,224.375,61.013999999999996,61.802,60.227,61.013999999999996,3004800
2004-11-08,224.375,61.013999999999996,61.408,60.621,61.013999999999996,1400400
2004-11-09,222.928,60.621,61.408,59.833,61.408,1461400
2004-11-10,221.48,60.227,60.621,59.833,60.621,1698900
2004-11-11,220.032,59.833,61.013999999999996,59.833,60.227,1808000
2004-11-12,221.48,60.227,61.013999999999996,60.227,60.227,1522100
2004-11-15,227.27,61.802,62.195,60.621,60.621,3022300
2004-11-16,227.27,61.802,62.589,61.408,61.802,1886100
2004-11-17,234.50799999999998,63.77,64.95100000000001,61.802,62.195,5759700
2004-11-18,231.613,62.983000000000004,64.164,62.983000000000004,64.164,3463100
2004-11-19,228.718,62.195,63.37600000000001,62.195,62.983000000000004,1235800
2004-11-22,215.69,58.653,61.802,58.25899999999999,61.408,4390700
2004-11-23,218.584,59.44,59.833,58.25899999999999,59.04600000000001,2108000
2004-11-24,217.137,59.04600000000001,59.833,58.653,59.44,1930300
2004-11-25,217.137,59.04600000000001,59.833,59.04600000000001,59.44,813700
2004-11-26,217.137,59.04600000000001,60.621,59.04600000000001,59.04600000000001,2220500
2004-11-29,217.137,59.04600000000001,59.833,59.04600000000001,59.44,1404100
2004-11-30,215.69,58.653,59.833,58.25899999999999,59.04600000000001,2257000
2004-12-01,218.584,59.44,60.227,58.25899999999999,58.653,1990500
2004-12-02,222.928,60.621,60.621,59.833,59.833,1364000
2004-12-03,222.928,60.621,61.408,59.833,60.227,1917000
2004-12-06,224.375,61.013999999999996,61.013999999999996,59.833,60.227,1424500
2004-12-07,224.375,61.013999999999996,61.408,60.227,61.013999999999996,1399200
2004-12-08,221.48,60.227,61.013999999999996,60.227,61.013999999999996,1737300
2004-12-09,225.82299999999998,61.408,61.408,60.227,60.227,2253900
2004-12-10,225.82299999999998,61.408,61.802,60.621,61.013999999999996,2264900
2004-12-13,225.82299999999998,61.408,61.802,59.44,61.408,1815400
2004-12-14,222.928,60.621,61.408,60.621,61.408,1349400
2004-12-15,227.27,61.802,62.195,60.621,60.621,2740700
2004-12-16,234.50799999999998,63.77,64.164,61.408,62.195,5301300
2004-12-17,235.956,64.164,64.164,62.983000000000004,63.77,1735700
2004-12-20,235.956,64.164,64.164,62.589,62.983000000000004,1789100
2004-12-21,231.613,62.983000000000004,64.164,62.983000000000004,63.77,1383200
2004-12-22,233.06099999999998,63.37600000000001,64.164,63.37600000000001,63.77,1137100
2004-12-23,235.956,64.164,64.164,62.983000000000004,63.37600000000001,678100
2004-12-24,234.50799999999998,63.77,64.164,63.37600000000001,64.164,387300
2004-12-27,234.50799999999998,63.77,63.77,63.37600000000001,63.77,339000
2004-12-28,235.956,64.164,64.164,63.37600000000001,63.77,749600
2004-12-29,240.299,65.344,65.738,63.77,63.77,2666600
2004-12-30,244.641,66.525,66.919,65.344,65.738,2758900
2004-12-31,244.641,66.525,67.313,66.132,66.525,1862000
2005-01-03,244.641,66.525,67.313,66.525,67.313,1048500
2005-01-04,235.956,64.164,66.525,63.77,66.132,2186700
2005-01-05,237.403,64.557,64.557,63.37600000000001,63.37600000000001,1523200
2005-01-06,241.74599999999998,65.738,66.132,64.164,64.557,1944800
2005-01-07,246.08900000000003,66.919,67.313,65.738,66.132,2498700
2005-01-10,243.19400000000002,66.132,67.313,66.132,66.919,2513700
2005-01-11,244.641,66.525,66.919,65.344,66.132,1886800
2005-01-12,244.641,66.525,66.919,66.132,66.132,1632300
2005-01-13,246.08900000000003,66.919,68.494,66.919,67.313,3795700
2005-01-14,250.43200000000002,68.1,68.1,66.525,66.919,2164700
2005-01-17,250.43200000000002,68.1,68.887,68.1,68.887,1055300
2005-01-18,250.43200000000002,68.1,68.494,67.313,68.494,991500
2005-01-19,250.43200000000002,68.1,68.494,67.313,68.1,1607600
2005-01-20,251.87900000000002,68.494,68.887,67.313,67.706,2068000
2005-01-21,253.327,68.887,69.281,67.706,68.1,2394900
2005-01-24,250.43200000000002,68.1,68.887,67.706,68.494,1798300
2005-01-25,243.19400000000002,66.132,67.706,65.738,67.706,1525200
2005-01-26,253.327,68.887,68.887,66.525,66.525,2082100
2005-01-27,251.87900000000002,68.494,68.494,67.706,68.494,1668600
2005-01-28,247.537,67.313,68.887,67.313,68.494,1510600
2005-01-31,248.984,67.706,68.1,66.132,67.313,3234500
2005-02-01,250.43200000000002,68.1,68.887,67.313,68.494,1889900
2005-02-02,253.327,68.887,70.068,68.1,68.494,2363000
2005-02-03,253.327,68.887,69.281,68.1,68.887,1188700
2005-02-04,253.327,68.887,68.887,68.887,68.887,0
2005-02-07,253.327,68.887,68.887,68.887,68.887,0
2005-02-08,253.327,68.887,68.887,68.887,68.887,0
2005-02-09,253.327,68.887,68.887,68.887,68.887,0
2005-02-10,253.327,68.887,68.887,68.887,68.887,0
2005-02-11,253.327,68.887,68.887,68.887,68.887,0
2005-02-14,257.67,70.068,70.068,69.281,69.67399999999999,2283900
2005-02-15,257.67,70.068,70.462,69.67399999999999,70.068,1735100
2005-02-16,256.222,69.67399999999999,70.462,69.67399999999999,70.462,2435500
2005-02-17,253.327,68.887,69.67399999999999,68.1,69.67399999999999,2049400
2005-02-18,253.327,68.887,70.855,68.1,68.887,2478100
2005-02-21,253.327,68.887,70.068,68.887,69.281,1237900
2005-02-22,254.774,69.281,70.068,68.887,69.67399999999999,1359300
2005-02-23,256.222,69.67399999999999,70.068,68.887,69.281,1116000
2005-02-24,257.67,70.068,70.462,69.281,69.67399999999999,1839200
2005-02-25,257.67,70.068,70.855,70.068,70.855,1603800
2005-02-28,257.67,70.068,70.068,70.068,70.068,0
2005-03-01,259.117,70.462,70.855,68.96600000000001,70.462,2136200
2005-03-02,260.565,70.855,70.855,70.068,70.462,1363700
2005-03-03,260.85400000000004,70.934,71.013,69.98899999999999,70.855,1882700
2005-03-04,260.565,70.855,70.855,70.462,70.777,1245200
2005-03-07,266.355,72.43,73.768,70.855,70.855,3173900
2005-03-08,266.355,72.43,74.083,72.351,73.453,1969700
2005-03-09,263.749,71.721,72.824,71.721,72.43,1105600
2005-03-10,261.723,71.17,72.745,71.17,72.115,2255400
2005-03-11,260.85400000000004,70.934,71.958,70.619,71.249,1429800
2005-03-14,260.85400000000004,70.934,71.485,70.068,70.855,1004800
2005-03-15,255.35299999999998,69.438,71.8,69.281,70.934,1893200
2005-03-16,255.35299999999998,69.438,70.068,69.281,69.438,857600
2005-03-17,257.38,69.98899999999999,69.98899999999999,68.494,69.123,1122000
2005-03-18,256.222,69.67399999999999,70.855,69.438,69.438,973800
2005-03-21,259.407,70.541,71.17,69.67399999999999,70.383,758100
2005-03-22,255.933,69.596,70.462,69.596,70.462,965900
2005-03-23,255.35299999999998,69.438,69.596,68.1,69.596,1882600
2005-03-24,257.67,70.068,70.69800000000002,69.438,69.438,1880300
2005-03-25,262.012,71.249,71.485,70.69800000000002,70.69800000000002,1390200
2005-03-28,263.46,71.643,72.666,71.643,71.643,1766200
2005-03-29,257.67,70.068,71.485,70.068,71.485,1346300
2005-03-30,255.06400000000002,69.36,69.67399999999999,69.123,69.281,1568500
2005-03-31,251.87900000000002,68.494,69.832,68.179,69.36,2853500
2005-04-01,247.537,67.313,68.65100000000001,65.97399999999999,68.494,3083400
2005-04-04,243.19400000000002,66.132,66.919,65.344,66.525,2776800
2005-04-05,243.19400000000002,66.132,66.132,66.132,66.132,0
2005-04-06,243.483,66.211,67.234,65.187,65.738,3318900
2005-04-07,241.74599999999998,65.738,66.998,65.738,66.289,2072900
2005-04-08,244.352,66.447,66.84,65.97399999999999,65.97399999999999,1560600
2005-04-11,249.274,67.785,68.021,66.683,66.919,1948200
2005-04-12,248.984,67.706,68.257,67.391,67.706,1456600
2005-04-13,246.668,67.077,67.706,66.998,67.313,745300
2005-04-14,245.22099999999998,66.683,67.234,66.604,66.919,1364700
2005-04-15,241.167,65.581,66.289,65.423,66.289,2705800
2005-04-18,236.245,64.242,65.187,63.37600000000001,65.187,2000200
2005-04-19,238.27200000000002,64.793,65.581,64.557,64.63600000000001,883200
2005-04-20,235.956,64.164,65.502,64.164,65.344,1756200
2005-04-21,242.03599999999997,65.817,65.97399999999999,63.611999999999995,63.611999999999995,1343700
2005-04-22,249.274,67.785,68.257,66.289,66.447,3917800
2005-04-25,245.51,66.762,67.785,66.211,67.706,2205600
2005-04-26,244.641,66.525,66.919,66.053,66.762,1562500
2005-04-27,243.19400000000002,66.132,66.525,65.502,66.053,2016500
2005-04-28,244.641,66.525,66.525,65.65899999999999,65.817,1043200
2005-04-29,242.615,65.97399999999999,66.211,64.95100000000001,66.211,1539800
2005-05-02,242.615,65.97399999999999,65.97399999999999,65.97399999999999,65.97399999999999,0
2005-05-03,237.403,64.557,65.97399999999999,64.557,65.817,2125500
2005-05-04,237.982,64.715,64.872,64.4,64.557,1503000
2005-05-05,246.08900000000003,66.919,67.155,65.344,65.344,2122000
2005-05-06,247.537,67.313,67.54899999999999,66.211,66.919,2869200
2005-05-09,245.799,66.84,67.54899999999999,66.762,67.234,1463300
2005-05-10,246.08900000000003,66.919,67.391,66.683,67.234,1039700
2005-05-11,244.062,66.368,66.84,66.211,66.604,1422400
2005-05-12,246.08900000000003,66.919,67.077,66.289,66.368,1295700
2005-05-13,255.06400000000002,69.36,69.832,67.155,67.54899999999999,4667800
2005-05-16,254.196,69.123,69.98899999999999,69.123,69.438,2522900
2005-05-17,254.196,69.123,70.068,69.123,69.438,2689400
2005-05-18,251.87900000000002,68.494,69.517,68.494,69.517,1723900
2005-05-19,257.38,69.98899999999999,70.462,69.123,69.123,3019600
2005-05-20,256.801,69.832,70.304,69.596,69.98899999999999,1738800
2005-05-23,254.774,69.281,69.832,68.887,69.67399999999999,848700
2005-05-24,254.196,69.123,69.517,68.96600000000001,69.123,886500
2005-05-25,248.984,67.706,69.67399999999999,66.919,69.123,3072000
2005-05-26,250.43200000000002,68.1,68.257,66.919,67.54899999999999,1939100
2005-05-27,250.43200000000002,68.1,69.202,67.86399999999999,67.86399999999999,1719300
2005-05-30,251.87900000000002,68.494,68.73,67.942,68.415,1177400
2005-05-31,250.72099999999998,68.179,68.572,68.1,68.494,1314100
2005-06-01,246.378,66.998,68.257,66.84,67.86399999999999,2240400
2005-06-02,251.3,68.336,68.336,67.313,67.628,2335100
2005-06-03,250.72099999999998,68.179,69.281,67.86399999999999,67.86399999999999,3124100
2005-06-06,251.011,68.257,68.336,66.919,67.54899999999999,1789500
2005-06-07,247.537,67.313,67.86399999999999,66.998,67.54899999999999,1816000
2005-06-08,247.247,67.234,67.706,66.998,67.077,2015800
2005-06-09,247.247,67.234,67.54899999999999,66.525,66.998,2263700
2005-06-10,254.485,69.202,69.202,67.942,68.021,3661200
2005-06-13,262.881,71.485,71.721,69.202,69.596,4478800
2005-06-14,259.986,70.69800000000002,71.8,70.69800000000002,71.643,3985600
2005-06-15,259.117,70.462,71.013,69.98899999999999,70.69800000000002,1799700
2005-06-16,261.723,71.17,71.328,70.068,71.328,1932300
2005-06-17,265.486,72.194,73.611,71.564,71.564,5982800
2005-06-20,266.355,72.43,73.06,71.8,72.824,1681200
2005-06-21,266.355,72.43,72.824,71.87899999999998,72.824,1063000
2005-06-22,266.355,72.43,73.375,72.036,72.745,2268300
2005-06-23,266.934,72.587,72.902,71.958,72.587,1806100
2005-06-24,263.46,71.643,72.351,71.564,72.273,999500
2005-06-27,260.565,70.855,71.643,70.462,71.643,1237400
2005-06-28,260.565,70.855,71.013,70.304,70.855,613000
2005-06-29,257.67,70.068,72.273,70.068,71.564,2876500
2005-06-30,258.827,70.383,71.17,70.383,70.855,1514600
2005-07-01,260.565,70.855,70.855,69.911,70.777,794000
2005-07-04,263.749,71.721,72.43,70.855,70.855,1592400
2005-07-05,264.908,72.036,72.666,72.036,72.351,1321800
2005-07-06,262.012,71.249,72.666,71.249,72.43,884000
2005-07-07,262.591,71.407,71.564,70.462,71.328,1798300
2005-07-08,259.69599999999997,70.619,71.87899999999998,70.541,71.407,866400
2005-07-11,268.382,72.98100000000002,73.532,71.249,71.87899999999998,2946300
2005-07-12,268.092,72.902,73.926,72.824,73.296,1937800
2005-07-13,270.119,73.453,73.847,72.902,72.902,2177400
2005-07-14,275.041,74.792,75.186,73.69,73.926,4134100
2005-07-15,277.64599999999996,75.5,76.051,74.792,74.792,3229200
2005-07-18,277.64599999999996,75.5,75.5,75.5,75.5,0
2005-07-19,280.83099999999996,76.366,76.366,75.107,75.579,2695100
2005-07-20,279.383,75.973,76.839,75.658,76.366,3135600
2005-07-21,281.699,76.60300000000002,77.626,75.815,76.366,5019900
2005-07-22,270.698,73.611,76.036,73.611,76.036,6374700
2005-07-25,272.29,74.044,74.65,73.611,73.611,1968500
2005-07-26,274.83799999999997,74.737,75.863,74.477,74.82300000000002,1803200
2005-07-27,277.704,75.516,76.122,75.43,75.689,2781100
2005-07-28,282.481,76.815,76.902,76.036,76.209,2488100
2005-07-29,282.163,76.729,77.508,76.469,77.248,2349100
2005-08-01,280.252,76.209,77.075,75.77600000000002,76.902,1271900
2005-08-02,273.882,74.477,76.642,73.611,76.555,2325500
2005-08-03,281.207,76.469,76.469,74.91,74.91,2233700
2005-08-04,285.029,77.508,79.24,77.075,77.075,3855000
2005-08-05,285.029,77.508,77.508,77.508,77.508,0
2005-08-08,284.392,77.335,77.335,76.382,77.075,1710300
2005-08-09,283.755,77.16199999999998,77.508,76.729,77.335,931000
2005-08-10,282.163,76.729,78.374,76.729,77.508,2034300
2005-08-11,280.252,76.209,76.642,75.516,76.469,2406500
2005-08-12,281.844,76.642,76.902,76.382,76.642,1318500
2005-08-15,270.698,73.611,76.642,73.178,76.642,2623100
2005-08-16,272.29,74.044,74.217,73.178,73.78399999999998,1205700
2005-08-17,270.698,73.611,74.65,73.351,73.78399999999998,1488700
2005-08-18,268.78700000000003,73.09100000000002,74.304,73.09100000000002,73.957,1322000
2005-08-19,263.373,71.619,72.918,70.84,72.918,2069500
2005-08-22,265.921,72.312,72.745,71.87899999999998,72.658,984500
2005-08-23,266.876,72.572,72.918,72.312,72.745,1337000
2005-08-24,267.513,72.745,73.178,71.792,71.965,1175600
2005-08-25,263.055,71.533,72.745,71.533,72.572,1490100
2005-08-26,257.959,70.14699999999999,71.533,69.714,71.533,2143300
2005-08-29,254.774,69.281,70.14699999999999,68.415,70.14699999999999,2202300
2005-08-30,253.5,68.934,70.14699999999999,68.934,69.454,1823700
2005-08-31,253.18200000000002,68.848,70.667,68.675,69.368,3148500
2005-09-01,253.18200000000002,68.848,68.848,68.848,68.848,0
2005-09-02,261.144,71.013,71.446,69.887,71.446,2470200
2005-09-05,256.685,69.8,70.84,69.714,70.84,1450000
2005-09-06,256.685,69.8,70.32,69.714,69.97399999999999,982600
2005-09-07,257.322,69.97399999999999,70.32,69.8,70.14699999999999,1066700
2005-09-08,259.552,70.58,71.013,70.14699999999999,70.14699999999999,1813400
2005-09-09,261.781,71.186,72.05199999999998,70.58,71.013,2877500
2005-09-12,272.608,74.13,74.217,72.745,72.745,3904000
2005-09-13,272.29,74.044,74.91,73.87100000000002,74.217,1930000
2005-09-14,269.105,73.178,74.477,73.005,74.044,1671700
2005-09-15,261.781,71.186,73.005,71.013,72.918,2326000
2005-09-16,262.418,71.359,72.139,71.273,71.87899999999998,1163000
2005-09-19,262.736,71.446,72.485,71.446,71.792,831300
2005-09-20,268.78700000000003,73.09100000000002,73.78399999999998,71.619,71.706,1788100
2005-09-21,276.111,75.083,77.075,73.611,74.044,4206700
2005-09-22,272.29,74.044,75.516,73.87100000000002,74.91,2505900
2005-09-23,274.83799999999997,74.737,75.949,73.957,74.217,4811600
2005-09-26,281.844,76.642,77.075,76.122,76.209,3138700
2005-09-27,280.252,76.209,76.729,75.949,76.642,2082900
2005-09-28,278.341,75.689,76.469,75.17,76.295,2185700
2005-09-29,280.57,76.295,76.815,75.863,76.036,2715100
2005-09-30,283.437,77.075,77.075,76.295,76.988,2875100
2005-10-03,285.666,77.681,77.854,76.902,77.075,3540400
2005-10-04,286.621,77.941,78.72,77.941,77.941,2734400
2005-10-05,292.3540000000001,79.5,80.366,77.508,77.681,5348300
2005-10-06,299.6790000000001,81.492,81.83800000000002,78.807,79.413,5187200
2005-10-07,299.36,81.405,82.01100000000002,80.452,81.318,4606100
2005-10-10,299.36,81.405,81.405,81.405,81.405,0
2005-10-11,294.901,80.193,81.578,80.10600000000002,81.405,1650500
2005-10-12,294.901,80.193,81.492,78.547,80.10600000000002,4335900
2005-10-13,287.258,78.11399999999998,79.846,77.941,79.76,3051800
2005-10-14,286.94,78.028,79.24,77.941,78.374,1418300
2005-10-17,277.067,75.343,78.89399999999998,75.343,78.807,2156600
2005-10-18,280.252,76.209,76.902,75.343,75.949,1857900
2005-10-19,270.698,73.611,75.43,73.611,75.343,2367300
2005-10-20,279.615,76.036,76.036,73.87100000000002,73.87100000000002,2945900
2005-10-21,279.296,75.949,77.16199999999998,74.91,75.17,2252100
2005-10-24,280.252,76.209,77.421,76.209,76.209,2033400
2005-10-25,283.437,77.075,79.067,77.075,77.941,2836800
2005-10-26,281.844,76.642,77.075,75.689,76.642,1792000
2005-10-27,278.66,75.77600000000002,77.508,75.77600000000002,75.949,1286100
2005-10-28,276.43,75.17,75.77600000000002,74.737,75.256,2348700
2005-10-31,279.615,76.036,76.555,75.083,76.209,2386100
2005-11-01,286.94,78.028,79.067,76.642,76.642,4907200
2005-11-02,289.487,78.72,78.807,77.508,78.374,2537000
2005-11-03,285.666,77.681,79.24,77.595,78.807,1700100
2005-11-04,288.532,78.461,78.98,77.941,77.941,1971200
2005-11-07,286.621,77.941,78.807,77.768,78.461,1349100
2005-11-08,285.348,77.595,78.028,76.642,77.768,1579200
2005-11-09,292.991,79.673,79.673,77.335,77.595,3269900
2005-11-10,290.762,79.067,80.10600000000002,79.067,79.846,2616600
2005-11-11,296.175,80.539,80.539,79.673,79.673,2765800
2005-11-14,296.175,80.539,81.318,80.10600000000002,80.539,2000200
2005-11-15,292.3540000000001,79.5,80.539,79.413,80.539,1679200
2005-11-16,296.175,80.539,80.885,79.5,79.5,2497900
2005-11-17,296.812,80.712,81.318,80.366,80.626,2613600
2005-11-18,302.5440000000001,82.271,83.743,81.405,81.405,5845100
2005-11-21,302.5440000000001,82.271,82.964,81.578,82.271,2207800
2005-11-22,299.6790000000001,81.492,82.35799999999998,81.405,82.271,1605200
2005-11-23,302.5440000000001,82.271,83.48299999999998,81.665,82.271,2649900
2005-11-24,304.137,82.704,83.137,82.271,82.87700000000002,1849800
2005-11-25,301.908,82.098,82.791,81.925,82.704,1136600
2005-11-28,304.137,82.704,83.397,82.35799999999998,82.704,1820000
2005-11-29,299.6790000000001,81.492,82.791,81.059,82.704,2056800
2005-11-30,302.5440000000001,82.271,82.531,81.665,81.665,2053000
2005-12-01,299.997,81.578,81.751,80.539,81.405,2364900
2005-12-02,301.908,82.098,82.444,81.665,82.271,2287800
2005-12-05,303.182,82.444,82.531,81.318,82.271,4204600
2005-12-06,306.048,83.22399999999998,84.26299999999998,82.098,82.098,4869300
2005-12-07,308.914,84.00299999999999,84.523,83.22399999999998,83.743,3581500
2005-12-08,304.137,82.704,84.34899999999998,82.271,84.34899999999998,2050400
2005-12-09,304.137,82.704,83.22399999999998,82.35799999999998,82.704,1103900
2005-12-12,311.78,84.78200000000002,85.042,82.617,83.743,2983500
2005-12-13,309.551,84.176,85.302,84.00299999999999,84.869,1579500
2005-12-14,305.7290000000001,83.137,84.78200000000002,83.137,84.696,1182500
2005-12-15,306.048,83.22399999999998,83.917,82.791,83.137,937100
2005-12-16,312.099,84.869,85.389,84.00299999999999,84.869,3042600
2005-12-19,321.652,87.46700000000001,89.632,85.389,85.735,5106800
2005-12-20,324.837,88.333,88.766,86.514,88.333,2761200
2005-12-21,324.837,88.333,90.931,88.333,89.199,3114600
2005-12-22,318.468,86.601,89.199,86.601,89.199,1819400
2005-12-23,323.245,87.9,88.766,87.03399999999998,87.46700000000001,1672700
2005-12-26,328.022,89.199,90.931,88.333,88.333,1820700
2005-12-27,323.245,87.9,89.632,87.9,89.199,916300
2005-12-28,323.245,87.9,88.766,86.601,87.46700000000001,973700
2005-12-29,323.245,87.9,90.065,87.03399999999998,88.333,2215800
2005-12-30,321.652,87.46700000000001,88.766,87.03399999999998,87.9,1370900
2006-01-02,317.194,86.255,87.46700000000001,85.735,86.16799999999998,1541400
2006-01-03,324.837,88.333,90.065,85.042,85.822,3603500
2006-01-04,339.168,92.23,93.529,87.9,89.199,6553200
2006-01-05,340.76,92.663,93.096,90.931,92.23,3507600
2006-01-06,335.9840000000001,91.36399999999999,93.529,90.065,93.529,3218300
2006-01-09,339.168,92.23,92.663,90.931,92.23,1928000
2006-01-10,332.7990000000001,90.49799999999999,91.79700000000001,88.766,91.36399999999999,2371400
2006-01-11,339.168,92.23,92.663,89.199,90.931,3343700
2006-01-12,337.57599999999996,91.79700000000001,95.26100000000001,91.79700000000001,92.23,2978700
2006-01-13,334.392,90.931,91.79700000000001,89.632,90.931,1594100
2006-01-16,337.57599999999996,91.79700000000001,93.529,90.49799999999999,90.931,2373900
2006-01-17,342.353,93.096,94.395,91.79700000000001,92.663,3673800
2006-01-18,323.245,87.9,90.931,86.601,89.199,5731000
2006-01-19,318.468,86.601,88.766,85.735,87.9,3637400
2006-01-20,328.022,89.199,89.632,87.9,88.766,3281000
2006-01-23,318.468,86.601,87.46700000000001,86.428,87.46700000000001,1617800
2006-01-24,318.468,86.601,87.9,86.601,87.46700000000001,1859000
2006-01-25,332.7990000000001,90.49799999999999,90.49799999999999,87.46700000000001,87.46700000000001,2949400
2006-01-26,332.7990000000001,90.49799999999999,90.49799999999999,90.49799999999999,90.49799999999999,0
2006-01-27,332.7990000000001,90.49799999999999,90.49799999999999,90.49799999999999,90.49799999999999,0
2006-01-30,332.7990000000001,90.49799999999999,90.49799999999999,90.49799999999999,90.49799999999999,0
2006-01-31,332.7990000000001,90.49799999999999,90.49799999999999,90.49799999999999,90.49799999999999,0
2006-02-01,332.7990000000001,90.49799999999999,90.49799999999999,90.49799999999999,90.49799999999999,0
2006-02-02,332.7990000000001,90.49799999999999,90.49799999999999,90.49799999999999,90.49799999999999,0
2006-02-03,320.06,87.03399999999998,91.36399999999999,86.601,90.49799999999999,3059100
2006-02-06,326.43,88.766,88.766,86.16799999999998,87.03399999999998,2587800
2006-02-07,323.245,87.9,89.632,87.46700000000001,88.766,1568900
2006-02-08,318.468,86.601,87.9,86.601,87.9,1050000
2006-02-09,321.652,87.46700000000001,87.9,86.428,87.9,1497600
2006-02-10,317.194,86.255,87.46700000000001,85.648,87.46700000000001,1658900
2006-02-13,305.092,82.964,86.16799999999998,82.704,85.735,2742400
2006-02-14,305.7290000000001,83.137,83.397,82.271,82.271,3233400
2006-02-15,306.685,83.397,84.26299999999998,83.137,83.57,1490200
2006-02-16,308.914,84.00299999999999,85.215,83.83,84.26299999999998,1467500
2006-02-17,308.914,84.00299999999999,85.735,83.65700000000002,85.735,1697700
2006-02-20,311.143,84.609,84.78200000000002,83.137,83.743,1592000
2006-02-21,305.7290000000001,83.137,85.042,83.137,84.78200000000002,1915700
2006-02-22,296.175,80.539,83.57,80.279,83.137,3255200
2006-02-23,295.857,80.452,80.539,78.028,80.539,4126700
2006-02-24,294.265,80.01899999999998,80.10600000000002,78.11399999999998,79.673,3894600
2006-02-27,293.309,79.76,79.846,78.547,79.5,2005300
2006-02-28,293.309,79.76,79.76,79.76,79.76,0
2006-03-01,295.22,80.279,80.626,78.807,79.327,4058100
2006-03-02,297.768,80.972,82.184,80.79899999999998,81.232,4399200
2006-03-03,295.538,80.366,81.145,79.5,80.972,2226800
2006-03-06,292.991,79.673,80.972,79.673,80.972,1282400
2006-03-07,288.21299999999997,78.374,79.586,78.28699999999998,79.586,2260400
2006-03-08,286.94,78.028,78.807,76.122,77.941,4601600
2006-03-09,294.58299999999997,80.10600000000002,80.366,78.28699999999998,78.28699999999998,2252000
2006-03-10,299.36,81.405,82.184,80.01899999999998,80.712,3664700
2006-03-13,302.863,82.35799999999998,82.617,81.751,81.925,1636200
2006-03-14,294.58299999999997,80.10600000000002,82.271,79.846,82.271,1911700
2006-03-15,293.309,79.76,81.145,79.76,80.10600000000002,1595200
2006-03-16,292.3540000000001,79.5,80.79899999999998,79.413,80.539,2200700
2006-03-17,292.991,79.673,79.933,78.807,79.24,1676700
2006-03-20,294.901,80.193,80.539,79.586,79.673,1826400
2006-03-21,298.086,81.059,82.271,80.539,80.539,3472400
2006-03-22,294.58299999999997,80.10600000000002,81.405,80.01899999999998,81.405,2554800
2006-03-23,287.258,78.11399999999998,80.10600000000002,77.681,79.673,3106500
2006-03-24,284.074,77.248,77.941,76.815,77.941,1837800
2006-03-27,286.303,77.854,77.941,76.902,77.248,1560200
2006-03-28,285.666,77.681,78.11399999999998,77.16199999999998,77.595,1290700
2006-03-29,287.258,78.11399999999998,78.11399999999998,77.248,78.11399999999998,1092900
2006-03-30,287.577,78.20100000000002,78.807,77.595,78.11399999999998,2508000
2006-03-31,280.252,76.209,78.11399999999998,75.77600000000002,77.075,5443100
2006-04-03,280.252,76.209,76.382,75.256,76.036,3713200
2006-04-04,283.437,77.075,77.681,76.642,76.642,3490400
2006-04-05,283.437,77.075,77.075,77.075,77.075,0
2006-04-06,294.901,80.193,80.193,77.941,77.941,5171200
2006-04-07,290.762,79.067,79.673,78.72,79.673,4881300
2006-04-10,286.303,77.854,78.807,77.768,78.20100000000002,1630100
2006-04-11,281.526,76.555,78.20100000000002,76.036,77.854,3344300
2006-04-12,278.978,75.863,76.209,74.044,75.43,5302900
2006-04-13,279.933,76.122,77.075,75.083,75.863,4460000
2006-04-14,284.074,77.248,77.248,75.689,76.122,2659100
2006-04-17,286.621,77.941,78.11399999999998,77.248,77.941,2828300
2006-04-18,284.71,77.421,77.941,76.729,77.941,2169600
2006-04-19,287.258,78.11399999999998,78.807,77.854,77.941,4110000
2006-04-20,287.577,78.20100000000002,78.634,77.768,78.28699999999998,2386600
2006-04-21,292.991,79.673,80.452,78.20100000000002,78.20100000000002,5649700
2006-04-24,290.124,78.89399999999998,79.586,78.807,79.5,1691700
2006-04-25,286.621,77.941,79.153,77.768,78.89399999999998,3132400
2006-04-26,287.895,78.28699999999998,78.461,77.16199999999998,77.508,2419700
2006-04-27,285.029,77.508,78.374,77.508,78.28699999999998,3189100
2006-04-28,281.207,76.469,77.595,75.949,77.508,3495500
2006-05-02,280.252,76.209,76.642,75.343,76.122,3091300
2006-05-03,277.067,75.343,76.036,75.083,75.083,3761400
2006-05-04,276.43,75.17,76.122,74.477,74.82300000000002,3778400
2006-05-05,282.163,76.729,77.248,75.516,75.949,4412500
2006-05-08,282.7990000000001,76.902,77.248,76.555,77.075,2402300
2006-05-09,280.57,76.295,76.642,76.209,76.469,1695500
2006-05-10,276.749,75.256,76.209,74.91,76.209,3152500
2006-05-11,277.067,75.343,75.343,74.65,75.17,2226800
2006-05-12,274.20099999999996,74.564,75.17,74.477,74.65,2195900
2006-05-15,271.653,73.87100000000002,74.217,73.611,74.13,3024400
2006-05-16,254.774,69.281,73.87100000000002,68.76100000000001,73.87100000000002,8286300
2006-05-17,252.864,68.76100000000001,69.97399999999999,68.76100000000001,69.281,2889300
2006-05-18,235.984,64.171,67.635,63.99800000000001,67.635,9094200
2006-05-19,237.577,64.604,65.297,64.171,64.171,3238500
2006-05-22,229.297,62.353,65.297,61.92,64.86399999999999,5178200
2006-05-23,226.113,61.486999999999995,62.43899999999999,60.881,61.92,3058100
2006-05-24,240.125,65.297,65.73,62.353,62.353,5121000
2006-05-25,242.03599999999997,65.817,66.51,65.384,65.817,3824100
2006-05-26,245.22099999999998,66.683,67.809,66.683,66.683,3839600
2006-05-29,240.44400000000002,65.384,67.376,65.384,66.943,2084100
2006-05-30,241.08,65.557,66.596,65.47,65.817,2035200
2006-05-31,241.08,65.557,65.557,65.557,65.557,0
2006-06-01,242.99099999999999,66.077,67.289,65.817,66.683,1924000
2006-06-02,241.399,65.64399999999999,67.202,65.557,67.116,2153700
2006-06-05,232.481,63.218999999999994,65.557,63.132,65.384,2103300
2006-06-06,232.481,63.218999999999994,64.258,61.833,62.786,3010200
2006-06-07,225.475,61.31399999999999,63.218999999999994,61.31399999999999,63.218999999999994,2522800
2006-06-08,219.743,59.755,62.006,59.755,60.881,3466500
2006-06-09,218.15099999999998,59.321999999999996,60.273999999999994,58.456,60.273999999999994,4125800
2006-06-12,226.43099999999998,61.573,61.746,59.321999999999996,59.495,2071200
2006-06-13,226.113,61.486999999999995,63.391999999999996,60.707,61.053999999999995,3179400
2006-06-14,237.895,64.691,64.95100000000001,62.699,63.305,3919400
2006-06-15,234.71099999999998,63.825,65.64399999999999,63.825,65.384,2676700
2006-06-16,238.851,64.95100000000001,65.903,63.99800000000001,65.817,2350000
2006-06-19,242.03599999999997,65.817,65.817,64.95100000000001,65.64399999999999,1694700
2006-06-20,234.074,63.652,66.077,62.43899999999999,66.077,2084900
2006-06-21,235.03,63.912,64.691,63.132,63.652,1417900
2006-06-22,242.672,65.99,66.337,64.86399999999999,64.95100000000001,2208600
2006-06-23,240.762,65.47,65.99,64.691,65.99,1434500
2006-06-26,242.354,65.903,66.163,65.211,65.297,1091200
2006-06-27,242.672,65.99,67.116,65.903,66.25,1384900
2006-06-28,243.31,66.163,66.596,65.384,65.384,936200
2006-06-29,245.53900000000002,66.76899999999999,67.029,66.25,66.85600000000001,1471100
2006-06-30,253.18200000000002,68.848,69.108,67.54899999999999,67.895,3285700
2006-07-03,257.322,69.97399999999999,70.233,69.108,69.108,2677100
2006-07-04,255.093,69.368,70.493,69.281,70.32,1925700
2006-07-05,249.997,67.982,70.06,67.982,70.06,1488500
2006-07-06,250.635,68.155,68.242,67.202,67.54899999999999,1460700
2006-07-07,250.635,68.155,68.502,67.635,68.242,728100
2006-07-10,251.58900000000003,68.415,68.848,67.029,68.068,1065800
2006-07-11,254.774,69.281,70.58,68.675,68.848,2408900
2006-07-12,250.635,68.155,70.06,67.635,69.281,1798200
2006-07-13,246.813,67.116,68.155,67.116,68.155,1447600
2006-07-14,240.762,65.47,66.337,65.124,65.903,2201200
2006-07-17,236.94,64.431,65.47,63.738,64.95100000000001,1445100
2006-07-18,235.666,64.085,64.778,63.825,64.085,1536900
2006-07-19,238.851,64.95100000000001,65.557,64.518,64.518,2280100
2006-07-20,248.405,67.54899999999999,68.415,66.683,67.54899999999999,3846600
2006-07-21,242.99099999999999,66.077,67.116,65.557,67.116,2589700
2006-07-24,233.755,63.565,64.085,62.872,63.391999999999996,2560900
2006-07-25,235.666,64.085,65.03699999999999,63.912,64.518,1507900
2006-07-26,234.392,63.738,64.518,63.652,64.518,1302100
2006-07-27,236.303,64.258,64.518,63.391999999999996,63.652,1514100
2006-07-28,234.392,63.738,64.778,63.565,64.258,2172600
2006-07-31,234.392,63.738,64.95100000000001,62.786,64.518,3624200
2006-08-01,234.074,63.652,64.171,63.652,63.738,1060300
2006-08-02,236.622,64.345,64.778,63.479,63.652,1107800
2006-08-03,236.303,64.258,64.95100000000001,64.171,64.604,1586500
2006-08-04,235.984,64.171,65.211,63.912,64.518,1990700
2006-08-07,233.11900000000003,63.391999999999996,64.085,63.391999999999996,63.825,1226800
2006-08-08,236.303,64.258,64.258,63.479,63.479,1090600
2006-08-09,241.08,65.557,65.73,64.171,64.604,2624200
2006-08-10,241.399,65.64399999999999,67.029,65.47,65.64399999999999,4061500
2006-08-11,244.583,66.51,67.289,65.99,66.51,4211800
2006-08-14,248.405,67.54899999999999,67.809,66.943,67.029,3071600
2006-08-15,246.176,66.943,67.54899999999999,66.596,67.54899999999999,1766700
2006-08-16,248.08599999999998,67.462,67.809,67.116,67.202,2694900
2006-08-17,254.774,69.281,70.06,67.982,68.415,7562500
2006-08-18,254.138,69.108,69.8,68.415,69.541,7339600
2006-08-21,240.31599999999997,65.34899999999999,68.493,64.778,68.493,8381400
2006-08-22,245.57,66.778,66.969,65.444,65.444,2541900
2006-08-23,243.46900000000002,66.206,66.778,65.25399999999999,66.778,3009500
2006-08-24,241.717,65.73,66.30199999999999,65.635,66.206,1992400
2006-08-25,241.017,65.54,66.492,65.54,65.921,869200
2006-08-28,241.36700000000002,65.635,66.111,64.873,65.15899999999999,2044200
2006-08-29,248.72400000000002,67.635,68.017,66.016,66.206,3314000
2006-08-30,258.532,70.303,71.541,68.112,68.58800000000001,6617300
2006-08-31,258.532,70.303,72.208,70.303,71.446,5097000
2006-09-01,270.093,73.446,73.732,71.63600000000002,71.922,5868700
2006-09-04,273.246,74.304,75.161,73.732,73.827,3799300
2006-09-05,267.29,72.684,74.685,72.208,74.589,3087600
2006-09-06,262.736,71.446,72.78,71.446,72.589,2107900
2006-09-07,264.83799999999997,72.018,72.589,70.493,70.493,2936700
2006-09-08,262.736,71.446,72.97,71.255,71.827,1655500
2006-09-11,269.04200000000003,73.161,74.304,72.399,72.399,2940600
2006-09-12,271.844,73.923,74.113,72.399,73.827,2375800
2006-09-13,271.844,73.923,74.304,73.256,74.018,2005900
2006-09-14,267.991,72.875,74.304,71.63600000000002,74.208,2801200
2006-09-15,269.743,73.351,73.351,72.018,72.018,802800
2006-09-18,274.997,74.78,75.066,73.923,74.304,3154600
2006-09-19,273.94599999999997,74.494,75.256,74.304,74.97,1756000
2006-09-20,270.093,73.446,74.494,73.256,73.923,1314600
2006-09-21,268.341,72.97,73.923,72.684,73.827,1405700
2006-09-22,268.341,72.97,72.97,72.399,72.97,1319300
2006-09-25,267.991,72.875,72.97,72.018,72.399,1355400
2006-09-26,271.494,73.827,74.113,73.351,73.351,1713100
2006-09-27,273.246,74.304,74.494,74.018,74.304,2866300
2006-09-28,275.347,74.875,75.256,74.304,74.304,3696900
2006-09-29,272.194,74.018,74.875,74.018,74.875,1542700
2006-10-02,273.246,74.304,74.589,73.351,74.399,1602400
2006-10-03,269.743,73.351,74.208,73.161,74.208,1665000
2006-10-04,262.736,71.446,74.304,71.351,74.304,5085100
2006-10-05,261.685,71.16,72.399,70.112,71.63600000000002,5202100
2006-10-06,261.685,71.16,71.16,71.16,71.16,0
2006-10-09,261.685,71.16,71.16,71.16,71.16,0
2006-10-11,262.38599999999997,71.351,72.875,71.16,71.16,3405100
2006-10-12,263.436,71.63600000000002,72.303,71.255,71.446,1992200
2006-10-13,264.83799999999997,72.018,72.494,71.732,72.399,1752700
2006-10-16,268.691,73.065,73.065,72.208,72.399,1898600
2006-10-17,265.188,72.113,73.351,72.113,73.351,1254400
2006-10-18,266.24,72.399,72.399,70.97,71.922,2111900
2006-10-19,264.488,71.922,72.684,71.827,72.303,1781600
2006-10-20,262.736,71.446,72.303,71.446,72.303,1693100
2006-10-23,262.736,71.446,72.208,71.065,71.446,961800
2006-10-24,264.488,71.922,72.684,71.732,72.303,1421700
2006-10-25,263.436,71.63600000000002,72.684,71.63600000000002,72.303,1125600
2006-10-26,268.341,72.97,73.446,72.018,72.399,3014500
2006-10-27,285.507,77.638,78.01899999999998,75.447,76.209,11707800
2006-10-30,288.659,78.495,78.876,77.543,77.92399999999998,7174200
2006-10-31,283.0540000000001,76.971,78.59,76.59,78.495,3979100
2006-11-01,286.908,78.01899999999998,78.11399999999998,77.16199999999998,77.16199999999998,2666300
2006-11-02,287.258,78.11399999999998,78.495,77.543,77.638,2161600
2006-11-03,289.01,78.59,79.734,77.92399999999998,78.11399999999998,4009300
2006-11-06,287.258,78.11399999999998,78.4,77.352,77.638,2837600
2006-11-07,287.608,78.209,79.067,77.828,78.781,2034500
2006-11-08,285.156,77.543,78.305,77.257,78.11399999999998,2648000
2006-11-09,282.3540000000001,76.78,78.11399999999998,76.78,77.543,2802800
2006-11-10,282.3540000000001,76.78,77.447,75.923,76.971,2244700
2006-11-13,278.85,75.828,77.16199999999998,75.828,76.876,1073300
2006-11-14,285.507,77.638,77.828,76.018,76.018,2768700
2006-11-15,283.755,77.16199999999998,78.305,77.066,78.11399999999998,1767200
2006-11-16,289.01,78.59,79.16199999999998,77.733,77.828,3878800
2006-11-17,296.366,80.59100000000002,80.877,79.35300000000002,79.35300000000002,5081000
2006-11-20,290.762,79.067,81.35300000000002,78.876,80.686,5001400
2006-11-21,292.513,79.543,80.21,78.4,78.59,3890500
2006-11-22,301.27099999999996,81.925,82.87700000000002,79.829,80.49600000000002,6898300
2006-11-23,305.124,82.973,83.83,82.59200000000001,82.87700000000002,4509000
2006-11-24,308.277,83.83,83.83,81.639,82.973,2820500
2006-11-27,308.627,83.925,84.973,82.973,84.59200000000001,2597800
2006-11-28,301.27099999999996,81.925,83.544,81.925,82.87700000000002,2219900
2006-11-29,305.474,83.068,83.258,81.734,82.78200000000002,3074400
2006-11-30,311.43,84.68700000000003,85.449,83.83,84.02,3927300
2006-12-01,310.029,84.306,85.259,83.83,85.259,3118200
2006-12-04,308.277,83.83,85.068,83.83,84.68700000000003,1625300
2006-12-05,307.57599999999996,83.639,84.78200000000002,83.258,84.78200000000002,1820500
2006-12-06,311.079,84.59200000000001,84.68700000000003,83.735,84.306,1788900
2006-12-07,312.481,84.973,85.259,83.735,84.40100000000002,2819300
2006-12-08,305.474,83.068,84.40100000000002,82.306,84.40100000000002,1694400
2006-12-11,313.181,85.163,88.87899999999998,85.163,88.87899999999998,5835000
2006-12-12,312.481,84.973,86.78299999999999,84.973,85.545,3447600
2006-12-13,311.079,84.59200000000001,85.926,83.354,85.259,2459600
2006-12-14,310.029,84.306,84.973,84.211,84.59200000000001,1200700
2006-12-15,310.029,84.306,85.354,84.306,85.068,1914800
2006-12-18,312.131,84.87799999999999,85.545,84.49700000000001,85.068,1858400
2006-12-19,310.029,84.306,85.545,84.306,84.87799999999999,2171400
2006-12-20,311.78,84.78200000000002,84.973,84.211,84.49700000000001,1306200
2006-12-21,309.678,84.211,85.163,84.211,84.211,1363900
2006-12-22,312.481,84.973,84.973,84.40100000000002,84.59200000000001,1266700
2006-12-25,310.029,84.306,84.973,84.306,84.973,856500
2006-12-26,311.079,84.59200000000001,85.068,84.49700000000001,84.49700000000001,1332300
2006-12-27,312.481,84.973,85.068,84.59200000000001,84.78200000000002,847900
2006-12-28,311.079,84.59200000000001,85.068,84.306,84.973,1111616000
2006-12-29,312.481,84.973,85.163,84.59200000000001,84.59200000000001,2012000
2007-01-01,312.481,84.973,84.973,84.973,84.973,0
2007-01-02,316.334,86.021,86.307,85.259,85.354,2274600
2007-01-03,312.131,84.87799999999999,86.402,84.87799999999999,86.116,1732100
2007-01-04,310.029,84.306,85.735,84.306,84.78200000000002,3073400
2007-01-05,302.672,82.306,84.49700000000001,81.925,84.40100000000002,5287200
2007-01-08,297.768,80.972,82.306,80.877,82.306,2921300
2007-01-09,300.219,81.639,82.87700000000002,80.972,81.734,2113300
2007-01-10,295.666,80.4,81.734,80.21,81.734,2728500
2007-01-11,303.723,82.59200000000001,84.02,81.163,81.163,5505900
2007-01-12,316.685,86.116,86.68799999999996,84.78200000000002,84.78200000000002,8984500
2007-01-15,319.487,86.87799999999999,87.735,86.49700000000001,86.973,5495500
2007-01-16,316.334,86.021,87.64,85.926,87.164,2467600
2007-01-17,322.64,87.735,87.831,85.545,85.735,4143400
2007-01-18,323.34,87.926,87.926,86.116,87.545,5023300
2007-01-19,318.7870000000001,86.68799999999996,87.545,86.116,87.354,2432800
2007-01-22,320.538,87.164,87.64,86.68799999999996,86.68799999999996,2351800
2007-01-23,316.685,86.116,86.973,85.735,86.68799999999996,1795900
2007-01-24,319.487,86.87799999999999,87.069,86.211,86.68799999999996,2749800
2007-01-25,318.7870000000001,86.68799999999996,87.164,86.402,87.164,1280200
2007-01-26,315.284,85.735,86.307,84.87799999999999,84.87799999999999,1702500
2007-01-29,307.57599999999996,83.639,85.259,83.449,85.259,2991000
2007-01-30,307.927,83.735,84.306,83.258,83.544,2133300
2007-01-31,304.774,82.87700000000002,83.83,82.78200000000002,83.735,2016100
2007-02-01,305.825,83.163,84.211,82.973,83.83,1475200
2007-02-02,308.277,83.83,84.211,83.068,83.163,2277500
2007-02-05,312.131,84.87799999999999,85.735,84.306,84.78200000000002,2077700
2007-02-06,317.035,86.211,86.307,85.259,85.735,1464000
2007-02-07,312.481,84.973,86.49700000000001,84.973,86.49700000000001,877500
2007-02-08,312.83099999999996,85.068,85.83,83.83,85.259,1646900
2007-02-09,314.232,85.449,85.449,84.40100000000002,85.259,1160300
2007-02-12,311.43,84.68700000000003,85.449,84.306,85.449,1005500
2007-02-13,305.474,83.068,84.87799999999999,82.973,84.78200000000002,1512500
2007-02-14,307.927,83.735,83.83,83.068,83.83,1453800
2007-02-15,307.927,83.735,83.735,83.735,83.735,0
2007-02-16,307.927,83.735,83.735,83.735,83.735,0
2007-02-19,307.927,83.735,83.735,83.735,83.735,0
2007-02-20,307.927,83.735,83.735,83.735,83.735,0
2007-02-21,307.927,83.735,83.735,83.735,83.735,0
2007-02-22,307.927,83.735,83.735,83.735,83.735,0
2007-02-23,307.927,83.735,83.735,83.735,83.735,0
2007-02-26,308.627,83.925,85.735,83.83,85.64,2996200
2007-02-27,308.277,83.83,84.68700000000003,83.83,84.02,2014300
2007-02-28,308.277,83.83,83.83,83.83,83.83,0
2007-03-01,299.519,81.44800000000002,82.59200000000001,81.067,81.925,4534200
2007-03-02,297.768,80.972,81.258,80.49600000000002,80.972,3178900
2007-03-05,283.755,77.16199999999998,80.01899999999998,76.209,80.01899999999998,4827500
2007-03-06,291.112,79.16199999999998,79.638,77.16199999999998,77.16199999999998,2964300
2007-03-07,291.462,79.257,79.92399999999998,79.16199999999998,79.734,1906900
2007-03-08,294.265,80.01899999999998,80.21,79.257,79.92399999999998,1253400
2007-03-09,291.112,79.16199999999998,80.305,79.067,80.01899999999998,1363100
2007-03-12,302.32099999999997,82.21,83.83,80.972,83.83,2948700
2007-03-13,301.971,82.115,82.78200000000002,81.544,82.78200000000002,1454000
2007-03-14,295.666,80.4,80.972,80.21,80.59100000000002,2477100
2007-03-15,290.762,79.067,80.115,78.686,80.01899999999998,5886000
2007-03-16,289.01,78.59,79.257,78.305,79.067,2868000
2007-03-19,290.061,78.876,79.44800000000002,78.59,78.59,1885600
2007-03-20,290.411,78.972,79.92399999999998,78.972,79.543,1993900
2007-03-21,291.812,79.35300000000002,79.35300000000002,79.067,79.35300000000002,2716700
2007-03-22,286.207,77.828,79.734,77.733,79.734,4462400
2007-03-23,274.997,74.78,76.209,74.685,76.209,13146100
2007-03-26,272.194,74.018,74.399,73.446,74.399,4850800
2007-03-27,272.194,74.018,74.97,73.446,73.827,6425800
2007-03-28,267.29,72.684,73.923,72.589,73.827,6391900
2007-03-29,268.691,73.065,73.542,71.827,72.303,6228100
2007-03-30,273.246,74.304,74.494,73.351,73.351,5200200
2007-04-02,273.596,74.399,75.066,74.304,74.304,4934900
2007-04-03,272.194,74.018,74.589,73.923,74.494,3266500
2007-04-04,274.647,74.685,74.875,73.827,74.113,3198500
2007-04-05,274.647,74.685,74.685,74.685,74.685,0
2007-04-06,274.647,74.685,74.685,74.685,74.685,0
2007-04-09,274.296,74.589,75.447,74.494,74.875,3209500
2007-04-10,272.545,74.113,75.066,74.018,74.78,3432600
2007-04-11,277.099,75.352,75.447,74.589,74.685,4745700
2007-04-12,276.048,75.066,75.256,74.875,75.256,2504800
2007-04-13,274.647,74.685,75.447,74.685,75.256,1490000
2007-04-16,279.551,76.018,76.685,75.256,75.256,5149800
2007-04-17,274.647,74.685,76.304,74.589,76.209,2895700
2007-04-18,272.545,74.113,74.97,73.923,74.304,2264800
2007-04-19,271.144,73.732,74.208,73.637,74.113,2484600
2007-04-20,273.94599999999997,74.494,74.589,74.018,74.018,907500
2007-04-23,274.647,74.685,75.352,74.685,75.256,2138100
2007-04-24,272.545,74.113,74.685,73.923,74.589,1948700
2007-04-25,266.24,72.399,74.018,72.399,73.923,6339000
2007-04-26,269.04200000000003,73.161,73.446,72.494,72.494,1519600
2007-04-27,269.392,73.256,73.446,72.97,73.351,1929600
2007-04-30,267.64099999999996,72.78,73.827,72.78,73.542,3601200
2007-05-01,267.64099999999996,72.78,72.78,72.78,72.78,0
2007-05-02,275.697,74.97,75.733,73.256,73.256,4854100
2007-05-03,276.749,75.256,76.018,74.399,75.733,3376800
2007-05-04,283.755,77.16199999999998,77.447,76.209,76.209,6925300
2007-05-07,285.507,77.638,77.828,77.257,77.828,3343800
2007-05-08,283.0540000000001,76.971,77.638,76.495,77.638,1743500
2007-05-09,283.405,77.066,77.447,76.971,77.16199999999998,1696500
2007-05-10,287.95799999999997,78.305,78.495,77.543,77.733,3977900
2007-05-11,285.507,77.638,77.638,76.018,77.066,6451200
2007-05-14,280.952,76.399,77.638,76.304,77.638,2164100
2007-05-15,278.15,75.637,76.209,75.352,76.209,2033200
2007-05-16,278.15,75.637,76.018,75.352,75.637,2055300
2007-05-17,278.15,75.637,76.304,75.637,75.733,850200
2007-05-18,279.20099999999996,75.923,76.209,75.637,76.209,1023600
2007-05-21,282.3540000000001,76.78,77.352,76.11399999999998,76.11399999999998,1935000
2007-05-22,286.908,78.01899999999998,78.305,77.16199999999998,77.638,3100300
2007-05-23,285.857,77.733,78.495,77.352,78.495,1573300
2007-05-24,283.755,77.16199999999998,77.447,76.876,77.352,1349300
2007-05-25,279.551,76.018,76.304,75.923,76.304,1855300
2007-05-28,279.551,76.018,76.399,76.018,76.11399999999998,972800
2007-05-29,282.3540000000001,76.78,77.352,76.209,76.495,1387400
2007-05-30,280.252,76.209,76.876,76.018,76.78,1489800
2007-05-31,285.507,77.638,77.638,76.876,76.971,2368900
2007-06-01,283.0540000000001,76.971,77.733,76.876,77.733,2178700
2007-06-04,285.507,77.638,77.733,76.971,77.638,1772400
2007-06-05,287.258,78.11399999999998,78.11399999999998,77.352,77.92399999999998,2014100
2007-06-06,303.373,82.49600000000002,83.163,80.01899999999998,80.01899999999998,14446900
2007-06-07,304.4240000000001,82.78200000000002,83.068,81.163,82.87700000000002,5451000
2007-06-08,304.4240000000001,82.78200000000002,82.78200000000002,81.925,82.40100000000002,3042000
2007-06-11,307.927,83.735,83.83,82.306,82.87700000000002,5110300
2007-06-12,307.226,83.544,84.02,83.258,84.02,3495500
2007-06-13,307.57599999999996,83.639,84.02,82.973,83.544,3092500
2007-06-14,311.079,84.59200000000001,85.163,84.02,84.116,3527500
2007-06-15,314.933,85.64,85.735,84.59200000000001,85.259,4603900
2007-06-18,314.933,85.64,85.64,85.64,85.64,0
2007-06-19,314.933,85.64,85.64,85.64,85.64,0
2007-06-20,317.035,86.211,86.307,85.449,85.926,5367100
2007-06-21,315.284,85.735,86.116,84.78200000000002,85.735,4419500
2007-06-22,309.328,84.116,85.545,83.639,84.973,3379100
2007-06-25,315.284,85.735,85.735,83.639,83.83,3725900
2007-06-26,311.079,84.59200000000001,85.735,84.59200000000001,85.735,1984300
2007-06-27,313.882,85.354,85.735,85.068,85.259,1761400
2007-06-28,315.9840000000001,85.926,86.211,85.545,85.735,2920000
2007-06-29,316.685,86.116,86.211,85.163,86.211,2855900
2007-07-02,327.545,89.069,89.069,86.021,86.116,5244300
2007-07-03,332.7990000000001,90.49799999999999,90.689,89.45,89.45,5884500
2007-07-04,331.048,90.022,90.49799999999999,89.546,90.40299999999999,2551200
2007-07-05,329.296,89.546,90.022,89.26,90.022,1917700
2007-07-06,325.442,88.49799999999998,89.45,87.926,89.45,2598100
2007-07-09,325.793,88.59299999999998,89.45,86.87799999999999,88.402,3336700
2007-07-10,323.691,88.021,88.402,87.354,88.307,2616400
2007-07-11,317.035,86.211,87.45,85.64,87.069,2810100
2007-07-12,314.933,85.64,86.49700000000001,85.64,86.211,2425300
2007-07-13,320.188,87.069,87.735,86.59200000000001,86.68799999999996,3139000
2007-07-16,315.634,85.83,87.069,85.83,87.069,1667500
2007-07-17,313.532,85.259,85.83,83.83,85.83,3157500
2007-07-18,321.589,87.45,88.59299999999998,84.40100000000002,85.735,5264100
2007-07-19,332.7990000000001,90.49799999999999,90.97399999999999,87.45,87.45,10409900
2007-07-20,355.57,96.69,96.69,92.88,92.88,12727200
2007-07-23,359.07300000000015,97.64299999999999,100.977,96.69,98.119,7268100
2007-07-24,350.315,95.26100000000001,98.595,94.975,98.595,4763600
2007-07-25,343.309,93.35600000000001,95.26100000000001,93.07,95.26100000000001,6588600
2007-07-26,336.30199999999996,91.45100000000001,95.071,91.45100000000001,94.023,5220600
2007-07-27,325.793,88.59299999999998,90.49799999999999,88.59299999999998,88.78299999999999,6273100
2007-07-30,324.742,88.307,90.022,88.117,88.117,4781700
2007-07-31,328.245,89.26,90.49799999999999,87.259,90.49799999999999,6537200
2007-08-01,317.385,86.307,91.165,86.211,87.926,7636300
2007-08-02,326.143,88.68799999999996,89.164,86.68799999999996,88.307,4870700
2007-08-03,336.653,91.546,93.166,90.30799999999999,90.49799999999999,7407500
2007-08-06,329.296,89.546,90.49799999999999,89.26,89.641,4996700
2007-08-07,322.29,87.64,91.26,87.64,91.165,3582700
2007-08-08,326.844,88.87899999999998,89.736,87.545,88.212,3916300
2007-08-09,331.048,90.022,90.40299999999999,88.97399999999998,90.117,3045900
2007-08-10,323.691,88.021,88.49799999999998,86.78299999999999,87.64,3053400
2007-08-13,324.742,88.307,89.736,88.307,88.402,3124800
2007-08-14,329.296,89.546,91.45100000000001,88.402,88.78299999999999,3258800
2007-08-15,318.086,86.49700000000001,88.78299999999999,85.926,88.307,4957300
2007-08-16,295.664,80.4,85.0,80.4,84.8,6976800
2007-08-17,308.1670000000001,83.8,86.0,81.6,82.5,6803000
2007-08-20,326.5540000000001,88.8,89.5,87.5,89.5,3866200
2007-08-21,322.509,87.7,89.1,87.1,88.8,2707500
2007-08-22,326.187,88.7,89.2,88.0,88.0,3401800
2007-08-23,325.08299999999997,88.4,90.1,87.7,89.7,5194200
2007-08-24,322.877,87.8,88.4,87.2,88.4,1689700
2007-08-27,327.29,89.0,90.2,88.6,89.0,2578600
2007-08-28,339.05800000000005,92.2,95.1,90.3,90.3,7525100
2007-08-29,339.425,92.3,93.2,91.4,91.7,5980200
2007-08-30,349.722,95.1,96.5,93.2,94.8,5735100
2007-08-31,362.225,98.5,99.8,94.6,95.5,8008300
2007-09-03,358.916,97.6,99.8,97.5,99.5,3925600
2007-09-04,361.858,98.4,100.0,97.0,97.6,4619500
2007-09-05,371.41900000000004,101.0,105.0,101.0,101.0,10832300
2007-09-06,376.935,102.5,102.5,99.8,101.0,5048900
2007-09-07,367.006,99.8,103.5,99.8,103.0,4083900
2007-09-10,364.43199999999996,99.1,99.5,97.4,98.1,4376300
2007-09-11,364.8,99.2,100.0,96.8,99.1,3612600
2007-09-12,359.283,97.7,100.0,97.7,100.0,3164300
2007-09-13,354.87,96.5,98.4,96.5,97.7,2351800
2007-09-14,355.23800000000006,96.6,97.8,95.5,96.6,3084300
2007-09-17,351.19300000000015,95.5,98.2,95.5,96.9,2471900
2007-09-18,351.19300000000015,95.5,95.5,95.5,95.5,0
2007-09-19,355.23800000000006,96.6,98.5,95.5,98.0,4310900
2007-09-20,360.019,97.9,99.3,96.6,97.1,4559900
2007-09-21,364.064,99.0,99.0,96.9,97.5,2561900
2007-09-24,364.064,99.0,99.0,99.0,99.0,0
2007-09-25,364.064,99.0,99.0,99.0,99.0,0
2007-09-26,367.741,100.0,101.0,99.5,99.8,3327100
2007-09-27,366.63800000000003,99.7,101.5,99.3,101.5,2929200
2007-09-28,365.167,99.3,101.0,99.0,99.8,3479500
2007-10-01,362.961,98.7,101.0,98.4,99.8,3025900
2007-10-02,366.63800000000003,99.7,100.0,99.2,100.0,3790100
2007-10-03,366.63800000000003,99.7,100.0,98.7,99.7,3778900
2007-10-04,362.225,98.5,99.4,98.2,99.4,3314300
2007-10-05,362.225,98.5,99.9,97.8,98.5,2551700
2007-10-08,362.593,98.6,99.7,97.5,99.6,2882500
2007-10-09,356.709,97.0,98.8,95.8,98.8,3889300
2007-10-10,356.709,97.0,97.0,97.0,97.0,0
2007-10-11,354.135,96.3,98.7,95.2,98.0,4721100
2007-10-12,344.941,93.8,96.2,93.5,95.3,6533500
2007-10-15,340.89599999999996,92.7,94.5,92.5,94.0,4320100
2007-10-16,345.309,93.9,95.2,92.3,92.3,6755900
2007-10-17,362.225,98.5,99.0,96.0,96.0,9381300
2007-10-18,362.593,98.6,101.0,98.5,99.6,8031900
2007-10-19,356.709,97.0,99.2,97.0,99.0,3489200
2007-10-22,351.92800000000005,95.7,96.6,94.1,94.5,4701800
2007-10-23,364.064,99.0,99.8,96.3,96.3,6413500
2007-10-24,355.974,96.8,100.5,96.8,100.0,4791900
2007-10-25,367.006,99.8,99.8,98.5,99.0,4945500
2007-10-26,382.45099999999996,104.0,104.0,99.8,100.5,16546900
2007-10-29,399.0,108.5,111.0,105.5,106.0,17331200
2007-10-30,399.0,108.5,110.0,107.5,109.5,7303400
2007-10-31,419.225,114.0,114.5,108.5,108.5,14382100
2007-11-01,411.87,112.0,116.0,110.5,114.5,9968800
2007-11-02,400.838,109.0,112.0,108.5,110.0,8888300
2007-11-05,406.35400000000004,110.5,111.5,107.5,110.0,7319200
2007-11-06,400.838,109.0,111.5,108.5,111.0,3428900
2007-11-07,391.645,106.5,111.0,105.0,111.0,7512500
2007-11-08,378.774,103.0,106.0,102.0,104.0,6683800
2007-11-09,397.161,108.0,108.5,102.0,105.0,5952900
2007-11-12,376.935,102.5,104.0,101.0,104.0,7289500
2007-11-13,375.096,102.0,104.0,99.7,103.5,7421900
2007-11-14,367.741,100.0,104.5,100.0,104.5,5948500
2007-11-15,369.58,100.5,101.0,98.7,100.0,3959900
2007-11-16,371.41900000000004,101.0,102.5,100.5,100.5,4615100
2007-11-19,367.741,100.0,103.5,100.0,102.5,2204000
2007-11-20,366.27,99.6,99.8,96.2,97.5,4960900
2007-11-21,367.741,100.0,104.5,100.0,101.0,6327900
2007-11-22,369.58,100.5,102.5,99.3,101.0,3860900
2007-11-23,366.27,99.6,102.5,99.5,102.0,3740300
2007-11-26,375.096,102.0,102.0,100.5,102.0,3188900
2007-11-27,369.58,100.5,101.0,97.2,100.0,5142400
2007-11-28,362.593,98.6,102.0,98.2,101.5,4873600
2007-11-29,375.096,102.0,102.0,100.5,101.0,4100200
2007-11-30,371.41900000000004,101.0,103.0,100.5,102.5,3225200
2007-12-03,373.25800000000004,101.5,102.0,100.5,102.0,1616500
2007-12-04,386.12800000000004,105.0,105.5,100.0,101.0,4372700
2007-12-05,380.61199999999997,103.5,105.5,103.5,105.0,4000600
2007-12-06,387.967,105.5,107.5,104.5,105.5,6447600
2007-12-07,378.774,103.0,107.5,103.0,107.0,4709500
2007-12-10,373.25800000000004,101.5,103.5,101.5,102.0,2299400
2007-12-11,378.774,103.0,103.5,101.5,103.0,1951100
2007-12-12,371.41900000000004,101.0,103.0,99.6,101.5,4958000
2007-12-13,357.444,97.2,101.0,96.8,101.0,6362800
2007-12-14,348.619,94.8,97.3,90.9,97.2,7165900
2007-12-17,341.264,92.8,96.2,92.6,93.0,4052700
2007-12-18,346.04400000000015,94.1,96.4,92.4,92.8,3865500
2007-12-19,359.283,97.7,99.5,95.0,96.0,4415800
2007-12-20,343.838,93.5,98.2,92.1,98.0,3419000
2007-12-21,345.309,93.9,96.2,93.4,95.0,3793800
2007-12-24,353.767,96.2,96.6,95.0,95.0,2272600
2007-12-25,351.561,95.6,96.8,95.0,96.6,1641300
2007-12-26,349.355,95.0,95.5,94.4,95.5,1914100
2007-12-27,353.032,96.0,97.5,95.0,95.0,2375100
2007-12-28,361.49,98.3,98.9,95.6,96.0,4698200
2007-12-31,358.18,97.4,99.5,97.4,99.5,2253200
2008-01-01,358.18,97.4,97.4,97.4,97.4,0
2008-01-02,356.709,97.0,99.4,96.5,98.5,2784200
2008-01-03,357.077,97.1,98.2,95.0,95.5,2723300
2008-01-04,353.767,96.2,97.2,95.7,96.0,1862400
2008-01-07,329.496,89.6,92.0,89.5,91.3,8474000
2008-01-08,325.45099999999996,88.5,89.6,87.0,88.0,4419100
2008-01-09,329.129,89.5,89.6,85.5,87.0,4072100
2008-01-10,316.257,86.0,89.8,85.1,89.8,7123400
2008-01-11,308.535,83.9,87.0,83.6,86.0,7725000
2008-01-14,294.9290000000001,80.2,84.7,79.5,84.7,13874900
2008-01-15,301.548,82.0,85.0,81.0,81.0,9926300
2008-01-16,291.987,79.4,80.4,79.0,79.8,5753800
2008-01-17,291.251,79.2,81.1,77.3,80.5,6871200
2008-01-18,298.606,81.2,81.7,77.4,78.2,3543300
2008-01-21,301.548,82.0,82.4,81.1,81.2,3461200
2008-01-22,284.264,77.3,78.8,76.3,76.3,6989300
2008-01-23,279.48400000000004,76.0,79.6,75.7,79.6,5508300
2008-01-24,281.322,76.5,79.0,76.0,78.5,4213300
2008-01-25,300.077,81.6,81.8,78.7,79.0,4802300
2008-01-28,294.9290000000001,80.2,81.7,80.2,80.9,4957600
2008-01-29,299.709,81.5,82.5,80.2,81.8,2783400
2008-01-30,305.593,83.1,85.3,82.1,83.3,6840100
2008-01-31,303.754,82.6,83.9,82.2,83.3,2782700
2008-02-01,308.535,83.9,85.2,83.5,84.0,3231200
2008-02-04,308.535,83.9,83.9,83.9,83.9,0
2008-02-05,308.535,83.9,83.9,83.9,83.9,0
2008-02-06,308.535,83.9,83.9,83.9,83.9,0
2008-02-07,308.535,83.9,83.9,83.9,83.9,0
2008-02-08,308.535,83.9,83.9,83.9,83.9,0
2008-02-11,308.535,83.9,83.9,83.9,83.9,0
2008-02-12,289.045,78.6,82.3,78.1,81.0,5407000
2008-02-13,289.4120000000001,78.7,80.1,78.4,79.4,2298600
2008-02-14,308.903,84.0,84.1,80.2,80.2,3678600
2008-02-15,308.903,84.0,84.3,82.0,82.0,2314400
2008-02-18,308.903,84.0,85.4,83.7,85.1,2273300
2008-02-19,316.257,86.0,86.0,84.3,85.0,3270600
2008-02-20,311.845,84.8,86.3,84.1,85.9,2571700
2008-02-21,317.7290000000001,86.4,86.8,85.7,86.0,2082100
2008-02-22,316.257,86.0,86.2,85.1,85.9,1584200
2008-02-25,318.096,86.5,88.0,86.4,86.9,2288500
2008-02-26,312.58,85.0,87.5,84.7,87.3,3700100
2008-02-27,323.612,88.0,88.0,85.2,86.5,4855100
2008-02-28,323.612,88.0,88.0,88.0,88.0,0
2008-02-29,319.199,86.8,87.1,85.8,87.0,3249900
2008-03-03,310.006,84.3,84.9,82.8,83.3,2578800
2008-03-04,313.316,85.2,85.6,83.5,83.5,2237200
2008-03-05,313.316,85.2,85.7,84.5,85.5,1995700
2008-03-06,326.5540000000001,88.8,88.8,85.5,85.9,3471600
2008-03-07,329.129,89.5,90.5,87.9,87.9,5878700
2008-03-10,328.39300000000014,89.3,90.0,87.9,90.0,3836500
2008-03-11,326.922,88.9,88.9,87.6,88.5,1680500
2008-03-12,331.335,90.1,91.8,89.9,91.0,2958400
2008-03-13,322.509,87.7,90.0,87.5,89.5,1630300
2008-03-14,319.935,87.0,89.1,86.8,88.3,1649100
2008-03-17,313.683,85.3,86.6,83.4,86.0,2698900
2008-03-18,312.212,84.9,85.2,83.9,84.8,2421300
2008-03-19,312.58,85.0,86.7,84.5,86.7,2866700
2008-03-20,317.7290000000001,86.4,87.4,84.3,84.5,2993600
2008-03-21,322.877,87.8,89.4,86.4,86.4,2983500
2008-03-24,330.967,90.0,93.9,88.8,93.9,6128400
2008-03-25,329.129,89.5,91.5,89.0,91.5,2311300
2008-03-26,330.599,89.9,90.4,89.4,89.5,1638700
2008-03-27,327.29,89.0,89.5,88.4,89.0,1294700
2008-03-28,328.025,89.2,90.1,88.7,89.0,2355300
2008-03-31,327.29,89.0,89.5,88.5,89.5,2106100
2008-04-01,332.806,90.5,91.2,89.5,90.0,2729000
2008-04-02,347.148,94.4,94.6,92.0,92.0,5480600
2008-04-03,340.529,92.6,94.3,92.5,94.0,2727700
2008-04-04,340.529,92.6,92.6,92.6,92.6,0
2008-04-07,342.735,93.2,93.4,92.6,93.0,1996300
2008-04-08,340.89599999999996,92.7,93.7,92.1,93.7,1060200
2008-04-09,338.69,92.1,93.2,91.5,92.1,1717900
2008-04-10,341.999,93.0,93.2,91.9,92.7,2109900
2008-04-11,348.619,94.8,95.0,93.4,93.4,4385300
2008-04-14,349.355,95.0,95.1,93.8,94.1,2052500
2008-04-15,350.458,95.3,96.2,94.0,95.5,2996000
2008-04-16,349.355,95.0,96.0,94.1,95.6,2519600
2008-04-17,349.355,95.0,98.7,95.0,96.5,6333600
2008-04-18,356.341,96.9,97.4,95.8,96.5,2537700
2008-04-21,364.064,99.0,99.0,97.5,98.1,2897300
2008-04-22,360.38599999999997,98.0,99.0,97.3,99.0,1893000
2008-04-23,353.399,96.1,98.9,96.1,98.3,1572700
2008-04-24,355.606,96.7,97.8,96.6,97.2,1196200
2008-04-25,349.722,95.1,97.7,95.1,97.0,1734000
2008-04-28,362.961,98.7,98.7,95.2,95.2,2238100
2008-04-29,354.87,96.5,99.2,96.5,98.7,2231500
2008-04-30,363.32800000000003,98.8,99.2,97.8,98.0,3717900
2008-05-02,364.064,99.0,101.0,99.0,99.6,4925200
2008-05-05,362.593,98.6,100.5,98.6,99.6,2390900
2008-05-06,367.741,100.0,100.0,98.7,99.2,1475700
2008-05-07,365.167,99.3,99.5,98.1,99.5,2310000
2008-05-08,360.38599999999997,98.0,99.0,97.5,99.0,1715300
2008-05-09,354.135,96.3,98.6,95.4,98.6,2205800
2008-05-12,353.032,96.0,96.6,95.0,96.0,2005800
2008-05-13,360.019,97.9,99.1,95.0,95.9,2549300
2008-05-14,358.548,97.5,98.9,97.5,98.3,832600
2008-05-15,364.064,99.0,99.5,97.7,97.7,2495900
2008-05-16,360.38599999999997,98.0,99.6,98.0,99.0,2659500
2008-05-19,367.741,100.0,100.0,97.7,98.5,1950000
2008-05-20,358.18,97.4,100.0,96.8,100.0,2370900
2008-05-21,353.032,96.0,97.3,95.8,96.6,1685800
2008-05-22,350.09,95.2,95.2,93.7,94.7,2761300
2008-05-23,339.793,92.4,95.0,92.4,94.0,2334700
2008-05-26,336.483,91.5,92.4,90.8,92.0,1876700
2008-05-27,341.63199999999995,92.9,93.0,91.5,91.5,817800
2008-05-28,336.116,91.4,93.4,91.0,93.4,1741200
2008-05-29,324.348,88.2,92.3,87.4,92.0,5379700
2008-05-30,322.509,87.7,87.7,84.5,87.4,11125500
2008-06-02,327.29,89.0,89.6,87.1,87.5,2935300
2008-06-03,316.993,86.2,88.7,86.2,88.0,3439000
2008-06-04,321.774,87.5,88.1,86.3,86.5,2790400
2008-06-05,326.187,88.7,88.7,86.7,88.0,1807600
2008-06-06,327.29,89.0,89.9,88.3,89.3,2993400
2008-06-09,318.832,86.7,86.9,85.8,86.0,1906600
2008-06-10,314.4190000000001,85.5,86.7,85.1,86.2,3422100
2008-06-11,310.741,84.5,86.0,84.4,85.7,2707500
2008-06-12,297.87,81.0,83.3,80.7,82.3,5856300
2008-06-13,303.754,82.6,84.1,82.0,82.5,3001300
2008-06-16,310.741,84.5,85.3,83.7,84.2,2075800
2008-06-17,311.845,84.8,85.2,83.3,84.5,1331900
2008-06-18,308.535,83.9,84.8,83.4,84.7,1311400
2008-06-19,301.548,82.0,82.6,81.3,81.5,2086100
2008-06-20,301.548,82.0,82.9,81.5,82.2,1432400
2008-06-23,305.226,83.0,83.6,81.0,81.0,1358500
2008-06-24,308.535,83.9,84.5,83.0,83.5,2238300
2008-06-25,319.199,86.8,86.8,83.6,83.9,3316500
2008-06-26,313.316,85.2,87.1,84.9,87.1,1901600
2008-06-27,304.857,82.9,83.4,81.7,82.3,3343800
2008-06-30,303.754,82.6,83.9,81.7,82.9,1522600
2008-07-01,305.226,83.0,84.8,83.0,83.6,2174300
2008-07-02,301.18,81.9,84.7,81.9,83.5,1577100
2008-07-03,298.974,81.3,82.9,80.0,81.0,2185300
2008-07-04,301.548,82.0,83.3,81.3,82.0,1911000
2008-07-07,308.903,84.0,84.0,80.5,80.5,960200
2008-07-08,300.812,81.8,83.5,81.0,83.5,1681800
2008-07-09,301.548,82.0,84.9,82.0,82.5,1869200
2008-07-10,290.515,79.0,81.9,78.0,81.1,4858000
2008-07-11,290.515,79.0,79.6,78.0,78.1,2028200
2008-07-14,291.619,79.3,80.2,79.0,79.0,1234700
2008-07-15,284.632,77.4,79.6,75.8,79.0,2249700
2008-07-16,276.54200000000003,75.2,78.0,74.0,78.0,3319200
2008-07-17,286.83799999999997,78.0,78.9,75.8,76.0,2129600
2008-07-18,283.161,77.0,79.7,77.0,79.5,1878200
2008-07-21,298.238,81.1,81.5,78.4,78.4,2177100
2008-07-22,292.722,79.6,80.3,79.1,79.7,1645300
2008-07-23,298.606,81.2,81.8,79.9,81.4,2199200
2008-07-24,296.032,80.5,82.0,79.5,81.5,2310400
2008-07-25,293.09,79.7,79.9,79.0,79.9,1717700
2008-08-18,308.535,83.9,85.3,83.0,84.6,1751500
2008-08-19,305.593,83.1,83.9,81.8,83.0,2294200
2008-08-20,312.58,85.0,85.3,82.7,83.0,2104800
2008-08-21,308.1670000000001,83.8,85.0,83.5,85.0,1159200
2008-08-22,305.226,83.0,84.9,81.8,84.1,1755300
2008-08-25,310.741,84.5,85.1,83.6,84.0,1371900
2008-08-26,308.535,83.9,84.4,83.0,83.8,2556300
2008-08-27,313.316,85.2,86.2,83.5,83.5,4061700
2008-08-28,309.638,84.2,85.8,84.2,85.2,5194300
2008-08-29,270.286,73.1,75.4,72.8,74.7,10612100
2008-09-01,256.975,69.5,72.2,68.7,72.2,8837300
2008-09-02,249.58,67.5,69.3,67.0,69.0,7035300
2008-09-03,249.58,67.5,68.2,66.4,67.5,4198800
2008-09-04,248.101,67.1,68.7,66.4,67.8,6095200
2008-09-05,236.269,63.9,65.7,62.5,65.0,12059200
2008-09-08,246.99200000000002,66.8,67.5,65.5,66.5,10454900
2008-09-09,229.983,62.2,65.4,62.2,65.1,7500200
2008-09-10,223.69799999999998,60.5,63.5,59.0,62.2,12102700
2008-09-11,221.84900000000002,60.0,61.9,59.2,60.5,6166900
2008-09-12,230.35299999999998,62.3,63.0,60.3,61.5,6065700
2008-09-15,225.916,61.1,63.4,60.6,62.3,7437500
2008-09-16,219.261,59.3,61.0,57.7,59.6,6571400
2008-09-17,227.765,61.6,63.3,61.0,62.5,5379400
2008-09-18,229.24400000000003,62.0,62.6,59.5,59.6,6478500
2008-09-19,245.143,66.3,66.3,64.2,65.3,8993900
2008-09-22,246.99200000000002,66.8,67.9,66.0,67.9,7107600
2008-09-23,248.47099999999998,67.2,67.4,65.5,66.8,4781800
2008-09-24,246.622,66.7,67.2,65.7,67.2,2956000
2008-09-25,243.294,65.8,66.4,65.0,65.7,3223200
2008-09-26,238.857,64.6,66.0,63.4,66.0,3649900
2008-09-30,229.614,62.1,64.0,60.1,60.1,4753700
2008-10-01,229.614,62.1,63.6,61.9,63.3,2555700
2008-10-02,226.28599999999997,61.2,63.0,60.5,62.1,3091500
2008-10-03,225.916,61.1,61.3,59.6,60.0,4737900
2008-10-06,211.86599999999999,57.3,59.7,57.3,59.6,5741300
2008-10-07,210.757,57.0,57.3,55.0,55.0,3786600
2008-10-08,196.33599999999998,53.1,55.9,53.1,55.5,5789000
2008-10-09,185.24400000000003,50.1,53.0,49.9,51.1,12371500
2008-10-13,178.773,48.35,48.5,48.35,48.35,4424800
2008-10-14,191.16,51.7,51.7,51.3,51.7,5811900
2008-10-15,197.076,53.3,53.5,50.1,51.5,6015800
2008-10-16,190.42,51.5,51.5,51.5,51.5,1010300
2008-10-17,188.202,50.9,51.6,49.9,50.8,5195600
2008-10-20,190.42,51.5,51.5,49.3,49.6,3365100
2008-10-21,194.488,52.6,53.7,52.1,53.0,4614700
2008-10-22,192.639,52.1,54.6,51.5,52.0,3604700
2008-10-23,185.984,50.3,50.5,50.3,50.3,1944900
2008-10-24,179.513,48.55,48.95,48.55,48.55,1870700
2008-10-27,167.127,45.2,46.7,45.2,45.2,4173000
2008-10-28,170.084,46.0,47.2,42.05,42.5,6372700
2008-10-29,168.236,45.5,49.0,45.5,49.0,4964000
2008-10-30,179.882,48.65,48.65,45.75,45.75,3413500
2008-10-31,176.0,47.6,48.3,45.25,48.05,12674600
2008-11-03,180.80700000000002,48.9,49.05,45.5,46.8,6936000
2008-11-04,178.958,48.4,49.0,46.8,48.0,6130800
2008-11-05,173.412,46.9,49.0,46.6,49.0,8074100
2008-11-06,161.395,43.65,44.9,43.65,44.0,4820100
2008-11-07,161.765,43.75,44.35,40.7,40.7,4621300
2008-11-10,158.80700000000004,42.95,43.55,41.6,42.85,5677100
2008-11-11,154.185,41.7,42.85,40.9,42.0,3610400
2008-11-12,156.034,42.2,43.05,41.1,41.1,2746400
2008-11-13,145.865,39.45,40.55,39.25,40.15,4276400
2008-11-14,147.899,40.0,41.35,40.0,41.35,2816600
2008-11-17,142.72299999999996,38.6,39.9,38.5,39.5,2470600
2008-11-18,132.925,35.95,38.0,35.9,38.0,5124500
2008-11-19,127.93299999999999,34.6,35.95,33.85,35.95,7017400
2008-11-20,119.059,32.2,33.65,32.2,32.5,6140900
2008-11-21,127.37899999999999,34.45,34.45,32.05,32.05,4435900
2008-11-24,132.0,35.7,36.4,34.7,34.75,5604700
2008-11-25,136.437,36.9,38.05,36.4,36.95,7348900
2008-11-26,134.403,36.35,37.0,35.5,36.0,4095200
2008-11-27,140.504,38.0,38.8,36.9,37.0,6114100
2008-11-28,140.319,37.95,38.1,37.4,38.0,2948100
2008-12-01,140.504,38.0,39.15,37.4,37.8,6024800
2008-12-02,130.891,35.4,36.1,35.35,35.5,4423100
2008-12-03,127.56299999999999,34.5,36.0,34.3,35.6,3219900
2008-12-04,125.715,34.0,35.25,33.6,35.2,2833300
2008-12-05,120.90799999999999,32.7,33.9,32.6,33.5,5042500
2008-12-08,129.227,34.95,34.95,33.4,33.5,4518600
2008-12-09,136.437,36.9,37.2,35.45,35.45,8274200
2008-12-10,145.865,39.45,39.45,36.5,36.9,9991600
2008-12-11,146.79,39.7,40.7,39.05,39.55,8883100
2008-12-12,136.80700000000002,37.0,39.25,36.95,38.5,5579400
2008-12-15,142.72299999999996,38.6,39.2,38.2,38.3,4600400
2008-12-16,140.689,38.05,38.3,37.55,38.2,2085700
2008-12-17,139.025,37.6,39.25,37.5,39.0,4627200
2008-12-18,146.05,39.5,39.5,38.05,38.6,5168500
2008-12-19,143.64700000000005,38.85,39.5,38.5,38.8,3941000
2008-12-22,135.512,36.65,39.15,36.5,38.85,5458800
2008-12-23,129.966,35.15,36.6,34.5,36.6,4272700
2008-12-24,129.966,35.15,35.45,34.1,34.1,2652500
2008-12-25,130.15200000000002,35.2,35.5,35.0,35.5,1624800
2008-12-26,130.15200000000002,35.2,35.6,34.9,35.05,1356500
2008-12-29,129.042,34.9,35.4,34.65,35.4,1939400
2008-12-30,133.47899999999998,36.1,36.5,35.2,35.2,3943200
2008-12-31,136.06799999999998,36.8,37.3,36.15,36.9,4927200
2009-01-01,136.06799999999998,36.8,36.8,36.8,36.8,0
2009-01-02,136.06799999999998,36.8,36.8,36.8,36.8,0
2009-01-05,143.092,38.7,39.35,38.1,38.2,8916700
2009-01-06,139.765,37.8,38.5,37.4,38.5,6512200
2009-01-07,142.53799999999995,38.55,39.4,38.3,38.3,8963200
2009-01-08,132.739,35.9,37.55,35.9,37.0,7448800
2009-01-09,123.49600000000001,33.4,33.4,33.4,33.4,3626000
2009-01-12,113.14299999999999,30.6,32.0,30.45,30.85,26033500
2009-01-13,115.36200000000001,31.2,31.35,30.6,30.6,12875900
2009-01-14,116.471,31.5,32.15,31.4,31.65,11807400
2009-01-15,113.697,30.75,30.75,30.15,30.6,8492700
2009-01-16,114.25200000000001,30.9,31.2,30.75,31.2,8706400
2009-01-19,111.84899999999999,30.25,30.75,30.1,30.1,6121100
2009-01-20,110.92399999999999,30.0,30.2,29.65,29.9,5981700
2009-01-21,111.84899999999999,30.25,30.5,29.8,29.85,6488700
2009-02-02,109.075,29.5,30.5,29.5,30.5,5713800
2009-02-03,113.14299999999999,30.6,30.8,29.6,29.6,5938600
2009-02-04,112.773,30.5,31.1,30.4,31.0,5010600
2009-02-05,113.14299999999999,30.6,31.5,30.55,30.8,9087900
2009-02-06,114.992,31.1,31.7,31.0,31.15,8011200
2009-02-09,115.73100000000001,31.3,31.95,31.3,31.75,7507100
2009-02-10,114.62200000000001,31.0,31.35,30.7,31.3,4532900
2009-02-11,114.807,31.05,31.05,30.25,30.25,4341500
2009-02-12,114.62200000000001,31.0,31.9,30.7,31.1,10883500
2009-02-13,122.572,33.15,33.15,31.2,31.2,19587500
2009-02-16,123.311,33.35,34.0,33.2,33.8,17897400
2009-02-17,118.874,32.15,33.6,32.0,33.4,9684200
2009-02-18,120.538,32.6,32.6,31.7,32.0,7264400
2009-02-19,124.605,33.7,34.25,33.1,33.45,14873700
2009-02-20,123.866,33.5,34.05,33.35,33.4,10014300
2009-02-23,125.345,33.9,34.2,33.2,33.5,7683700
2009-02-24,122.01700000000001,33.0,33.7,33.0,33.4,7124500
2009-02-25,120.538,32.6,33.7,32.55,33.55,9822500
2009-02-26,121.09299999999999,32.75,33.25,32.6,33.2,4209300
2009-02-27,123.681,33.45,33.45,32.45,32.75,6973400
2009-03-02,118.689,32.1,33.1,32.1,33.0,5217800
2009-03-03,118.135,31.95,31.95,31.05,31.05,5230100
2009-03-04,122.20200000000001,33.05,33.2,31.75,31.9,6881300
2009-03-05,124.42,33.65,34.3,33.35,33.6,11169100
2009-03-06,123.681,33.45,33.7,32.8,33.0,6188700
2009-03-09,125.345,33.9,34.15,33.4,33.7,6675400
2009-03-10,129.042,34.9,35.3,34.0,34.15,10356600
2009-03-11,128.118,34.65,35.85,34.6,35.85,8862800
2009-03-12,126.824,34.3,35.1,34.3,34.75,4248500
2009-03-13,130.891,35.4,35.65,34.9,35.0,9857200
2009-03-16,132.739,35.9,36.3,35.55,35.7,7224800
2009-03-17,132.555,35.85,36.3,35.35,36.0,5708900
2009-03-18,134.034,36.25,37.0,36.05,36.3,8416100
2009-03-19,132.739,35.9,36.75,35.8,36.5,6809100
2009-03-20,129.412,35.0,36.2,35.0,35.9,4867400
2009-03-23,133.11,36.0,36.2,35.3,35.3,5538000
2009-03-24,137.17700000000002,37.1,37.55,36.7,37.0,8719900
2009-03-25,140.504,38.0,38.15,36.7,37.1,8507200
2009-03-26,140.874,38.1,39.0,38.05,38.5,11050100
2009-03-27,138.286,37.4,38.5,37.0,38.3,11772600
2009-03-30,132.739,35.9,36.8,35.5,36.7,6751900
2009-03-31,131.815,35.65,36.45,35.5,35.9,4963700
2009-04-01,133.664,36.15,36.6,35.9,36.1,4618200
2009-04-02,135.69799999999998,36.7,37.1,36.5,36.95,6108600
2009-04-03,139.765,37.8,38.0,36.9,37.2,9572800
2009-04-06,142.35299999999995,38.5,39.25,38.05,38.1,13953700
2009-04-07,142.72299999999996,38.6,39.0,38.05,38.5,6329900
2009-04-08,136.99200000000002,37.05,38.8,37.0,38.5,9837500
2009-04-09,141.429,38.25,38.3,37.45,37.6,6146600
2009-04-10,144.202,39.0,39.35,38.3,39.15,10150700
2009-04-13,144.572,39.1,39.45,38.6,39.15,6210400
2009-04-14,154.555,41.8,41.8,38.6,39.1,10099600
2009-04-15,158.99200000000005,43.0,43.3,41.65,42.3,14797000
2009-04-16,166.387,45.0,45.8,43.4,43.8,17404300
2009-04-17,155.29399999999995,42.0,45.8,41.85,45.5,17276300
2009-04-20,155.664,42.1,42.3,40.65,41.8,7836600
2009-04-21,159.731,43.2,43.2,41.1,41.1,6880800
2009-04-22,157.143,42.5,43.2,42.3,43.0,5957500
2009-04-23,156.774,42.4,43.7,42.05,42.5,8545900
2009-04-24,157.513,42.6,43.5,42.4,43.5,7695100
2009-04-27,158.99200000000005,43.0,43.4,41.9,43.0,11118900
2009-04-28,153.816,41.6,43.55,41.6,43.5,7276800
2009-04-29,151.597,41.0,42.3,41.0,41.65,6272700
2009-04-30,162.134,43.85,43.85,43.0,43.85,8959800
2009-05-01,162.134,43.85,43.85,43.85,43.85,0
2009-05-04,173.412,46.9,46.9,45.0,46.0,16650900
2009-05-05,168.051,45.45,47.5,45.1,47.5,11203600
2009-05-06,176.0,47.6,48.0,45.0,45.5,11071200
2009-05-07,177.479,48.0,49.0,46.8,48.0,14170100
2009-05-08,183.95,49.75,50.5,47.45,47.8,10936800
2009-05-11,181.17700000000002,49.0,50.5,49.0,49.75,9556300
2009-05-12,171.563,46.4,48.3,46.0,47.5,7913100
2009-05-13,169.52900000000002,45.85,47.0,45.5,46.0,6229100
2009-05-14,166.387,45.0,45.7,44.85,45.0,5744600
2009-05-15,170.084,46.0,46.35,45.7,46.0,5018700
2009-05-18,170.454,46.1,46.2,45.0,46.0,4428400
2009-05-19,171.00900000000001,46.25,47.5,46.1,47.0,6725600
2009-05-20,169.71400000000003,45.9,46.9,45.4,46.9,4874200
2009-05-21,167.86599999999999,45.4,46.05,45.25,45.9,4942600
2009-05-22,168.605,45.6,46.5,45.0,45.0,4589800
2009-05-25,166.75599999999997,45.1,46.3,45.1,46.3,3899000
2009-05-26,167.127,45.2,46.45,44.9,45.1,6801200
2009-05-27,169.345,45.8,46.5,45.5,46.0,8280600
2009-05-28,169.345,45.8,45.8,45.8,45.8,0
2009-05-29,169.345,45.8,45.8,45.8,45.8,0
2009-06-01,171.19299999999996,46.3,46.85,46.0,46.85,5811600
2009-06-02,169.71400000000003,45.9,47.1,45.5,47.0,8073400
2009-06-03,171.748,46.45,46.95,45.6,46.0,5714400
2009-06-04,167.49599999999995,45.3,46.7,45.0,46.7,4881000
2009-06-05,167.49599999999995,45.3,46.1,45.25,45.5,4203400
2009-06-08,161.95,43.8,45.7,43.8,45.7,6190200
2009-06-09,155.29399999999995,42.0,44.0,42.0,43.8,6976500
2009-06-10,153.63,41.55,42.5,41.15,42.0,5145200
2009-06-11,153.63,41.55,42.0,41.0,41.7,4225800
2009-06-12,153.816,41.6,42.45,41.55,41.75,5236500
2009-06-15,148.269,40.1,41.2,40.05,41.2,3989100
2009-06-16,147.899,40.0,40.45,39.8,39.9,3834100
2009-06-17,148.269,40.1,40.65,40.0,40.3,3086000
2009-06-18,144.756,39.15,40.75,39.05,40.2,3810500
2009-06-19,146.605,39.65,39.75,39.0,39.5,2576200
2009-06-22,150.487,40.7,40.85,39.9,40.0,4207100
2009-06-23,147.899,40.0,40.3,40.0,40.1,2918400
2009-06-24,152.891,41.35,42.7,40.05,40.3,4475200
2009-06-25,154.0,41.65,42.25,41.3,41.5,3189800
2009-06-26,158.437,42.85,43.35,41.95,42.0,5745200
2009-06-29,157.143,42.5,43.15,42.0,43.0,3099900
2009-06-30,157.513,42.6,43.55,42.25,43.55,2271100
2009-07-01,163.429,44.2,44.5,42.8,43.0,6126900
2009-07-02,166.017,44.9,45.5,44.25,44.25,6763600
2009-07-03,166.75599999999997,45.1,45.3,43.9,44.4,3596700
2009-07-06,166.75599999999997,45.1,45.7,45.0,45.3,3042400
2009-07-07,168.051,45.45,45.75,45.15,45.3,3482600
2009-07-08,166.017,44.9,45.6,44.8,45.45,2396200
2009-07-09,169.345,45.8,46.3,45.0,45.0,5272800
2009-07-10,172.673,46.7,47.2,46.6,46.8,7238100
2009-07-13,168.975,45.7,47.2,45.3,47.2,4329800
2009-07-14,172.487,46.65,46.7,45.7,46.5,2632500
2009-07-15,173.782,47.0,47.55,46.95,47.0,4769500
2009-07-16,178.773,48.35,48.95,47.8,47.9,7788600
2009-07-17,178.958,48.4,49.2,48.0,48.8,4455200
2009-07-20,177.479,48.0,48.95,47.9,48.9,4350300
2009-07-21,175.63099999999997,47.5,48.4,47.0,48.2,3843300
2009-07-22,176.185,47.65,47.95,47.25,47.5,2112300
2009-07-23,183.025,49.5,49.6,47.65,48.0,7925200
2009-07-24,180.80700000000002,48.9,49.9,48.7,49.9,4656900
2009-07-27,184.87400000000002,50.0,50.2,49.15,49.5,5520000
2009-07-28,192.269,52.0,52.5,50.3,50.3,7944500
2009-07-29,192.269,52.0,53.0,51.6,53.0,5226100
2009-07-30,188.571,51.0,52.0,50.0,52.0,5439300
2009-07-31,192.269,52.0,52.2,51.6,52.0,4771100
2009-08-03,190.051,51.4,52.5,51.1,52.5,3172500
2009-08-04,186.35299999999998,50.4,52.5,50.0,52.5,4798600
2009-08-05,183.025,49.5,51.0,49.1,50.4,2775700
2009-08-06,186.35299999999998,50.4,50.6,49.1,50.0,3671700
2009-08-10,188.571,51.0,51.2,49.65,50.0,4176500
2009-08-11,189.68099999999998,51.3,51.5,50.6,51.0,2750600
2009-08-12,191.899,51.9,52.4,50.9,51.5,4328500
2009-08-13,191.53,51.8,52.4,51.7,52.4,4205400
2009-08-14,198.555,53.7,53.8,52.7,52.7,6557900
2009-08-17,196.33599999999998,53.1,53.7,52.9,53.7,8116600
2009-08-18,190.263,51.0,51.8,50.5,51.0,6305200
2009-08-19,193.247,51.8,52.0,51.3,51.9,3339700
2009-08-20,195.112,52.3,52.5,51.3,52.0,5896400
2009-08-21,193.993,52.0,53.4,51.2,52.7,5884500
2009-08-24,193.993,52.0,53.3,51.5,53.3,4840300
2009-08-25,195.859,52.5,52.7,51.6,52.0,3147600
2009-08-26,195.486,52.4,52.9,50.6,52.6,6558700
2009-08-27,193.247,51.8,52.2,51.6,52.1,2842300
2009-08-28,196.232,52.6,52.7,51.8,52.3,3436900
2009-08-31,195.486,52.4,53.0,51.7,53.0,2811700
2009-09-01,197.351,52.9,53.8,51.8,52.2,5249900
2009-09-02,197.72400000000002,53.0,53.0,52.3,52.3,3215600
2009-09-03,202.574,54.3,54.5,52.6,53.0,6799300
2009-09-04,203.69299999999998,54.6,54.8,53.5,54.7,4286500
2009-09-07,210.035,56.3,56.4,54.3,54.7,5122900
2009-09-08,211.155,56.6,57.2,55.4,56.3,4497700
2009-09-09,208.916,56.0,57.2,55.8,57.0,2957200
2009-09-10,212.646,57.0,58.0,56.1,57.9,4379000
2009-09-11,210.035,56.3,57.2,56.2,56.8,1728800
2009-09-14,205.185,55.0,57.0,54.7,57.0,2501900
2009-09-15,208.543,55.9,56.2,55.1,55.5,2525000
2009-09-16,214.139,57.4,57.5,56.6,57.5,3211400
2009-09-17,217.87,58.4,58.4,57.5,57.9,3822500
2009-09-18,218.243,58.5,58.5,57.7,58.2,2631300
2009-09-21,215.25799999999998,57.7,58.5,57.0,58.5,1626800
2009-09-22,213.393,57.2,58.0,57.0,58.0,1968800
2009-09-23,211.90099999999998,56.8,58.0,56.0,57.8,2488200
2009-09-24,210.78099999999998,56.5,56.8,55.0,56.1,2587200
2009-09-25,210.035,56.3,56.3,55.4,56.1,1379800
2009-09-28,201.082,53.9,56.0,53.8,55.6,4373500
2009-09-29,204.812,54.9,55.0,54.0,54.6,2943100
2009-09-30,205.93099999999998,55.2,55.4,54.6,55.0,2635900
2009-10-01,202.947,54.4,55.5,54.2,55.5,2395800
2009-10-02,201.455,54.0,54.9,53.5,53.6,3786400
2009-10-05,200.709,53.8,54.0,53.0,53.5,2084700
2009-10-06,205.93099999999998,55.2,55.3,53.8,53.9,3365100
2009-10-07,209.28900000000002,56.1,56.4,55.6,56.3,3195700
2009-10-08,205.185,55.0,56.2,54.9,56.1,2767100
2009-10-09,202.574,54.3,55.5,53.8,55.3,2878700
2009-10-12,203.32,54.5,54.9,54.1,54.5,1849000
2009-10-13,202.574,54.3,54.6,53.7,54.0,3926000
2009-10-14,203.69299999999998,54.6,54.7,54.0,54.5,2900000
2009-10-15,206.305,55.3,55.5,55.0,55.2,5051700
2009-10-16,206.305,55.3,55.5,55.0,55.3,3758400
2009-10-19,216.377,58.0,58.0,56.2,56.3,5520500
2009-10-20,223.465,59.9,60.4,58.7,58.8,8200200
2009-10-21,221.97400000000002,59.5,60.1,58.7,60.0,3138200
2009-10-22,214.512,57.5,59.2,57.3,59.0,4321500
2009-10-23,217.12400000000002,58.2,58.9,57.9,58.5,2341600
2009-10-26,221.97400000000002,59.5,60.0,58.7,58.8,3992600
2009-10-27,233.165,62.5,62.5,61.4,62.0,10937100
2009-10-28,230.92700000000002,61.9,63.8,61.8,63.0,6640300
2009-10-29,223.092,59.8,60.8,58.3,60.5,7539400
2009-10-30,227.56900000000002,61.0,62.3,60.6,61.8,5864900
2009-11-02,226.82299999999998,60.8,61.0,59.5,59.8,3067800
2009-11-03,224.958,60.3,61.0,60.1,61.0,2097900
2009-11-04,229.06099999999998,61.4,61.7,60.5,60.5,3122100
2009-11-05,227.196,60.9,61.9,60.8,61.9,1804900
2009-11-06,228.315,61.2,62.0,61.0,62.0,2437500
2009-11-09,230.18,61.7,62.6,61.3,62.1,2501900
2009-11-10,236.896,63.5,63.5,62.5,62.8,4170000
2009-11-11,240.62599999999998,64.5,64.5,63.3,64.3,4120700
2009-11-12,242.49200000000002,65.0,65.5,64.6,64.9,5843000
2009-11-13,239.88,64.3,65.0,64.0,65.0,2663000
2009-11-16,240.62599999999998,64.5,64.5,63.5,64.3,3819900
2009-11-17,243.238,65.2,65.4,64.5,65.3,4369600
2009-11-18,240.99900000000002,64.6,65.5,64.6,65.5,2661900
2009-11-19,239.13400000000001,64.1,64.6,64.0,64.0,1689200
2009-11-20,238.015,63.8,64.5,63.2,63.5,2882700
2009-11-23,238.761,64.0,64.0,63.5,63.6,1228400
2009-11-24,242.11900000000003,64.9,65.1,64.4,64.5,2462400
2009-11-25,245.476,65.8,66.5,65.4,65.5,4584500
2009-11-26,242.49200000000002,65.0,66.2,65.0,66.0,1809600
2009-11-27,235.03,63.0,64.5,63.0,64.0,3083700
2009-11-30,238.388,63.9,64.6,63.1,64.5,1812600
2009-12-01,239.50799999999998,64.2,64.4,63.0,63.5,2028300
2009-12-02,238.015,63.8,64.6,63.8,64.5,1672600
2009-12-03,237.269,63.6,64.2,63.2,64.0,1336000
2009-12-04,235.03,63.0,63.6,63.0,63.3,1587500
2009-12-07,240.62599999999998,64.5,64.5,63.0,63.7,1555100
2009-12-08,238.761,64.0,64.6,63.5,64.6,1162700
2009-12-09,241.745,64.8,64.8,63.7,64.0,2191700
2009-12-10,237.269,63.6,65.0,63.5,65.0,2878500
2009-12-11,240.25400000000002,64.4,64.5,63.5,63.7,1854700
2009-12-14,223.465,59.9,59.9,59.9,59.9,1224000
2009-12-15,210.035,56.3,56.6,55.8,55.8,36090100
2009-12-16,210.78099999999998,56.5,57.6,55.2,55.2,19886400
2009-12-17,213.393,57.2,57.6,56.6,57.5,9143400
2009-12-18,212.274,56.9,57.7,56.7,57.2,7715600
2009-12-21,209.28900000000002,56.1,57.1,55.9,57.0,7605400
2009-12-22,213.02,57.1,57.3,56.5,57.0,5123200
2009-12-23,215.25799999999998,57.7,57.9,57.0,57.6,4423200
2009-12-24,220.108,59.0,60.0,57.7,57.8,6165800
2009-12-25,222.34599999999998,59.6,60.2,59.3,59.5,3116400
2009-12-28,228.315,61.2,61.4,59.7,59.7,4356300
2009-12-29,232.419,62.3,62.4,61.1,61.5,5324300
2009-12-30,230.92700000000002,61.9,63.0,61.2,62.9,5105700
2009-12-31,230.554,61.8,62.0,61.2,62.0,2675400
2010-01-01,230.554,61.8,61.8,61.8,61.8,0
2010-01-04,230.18,61.7,63.0,61.6,62.9,3855200
2010-01-05,229.808,61.6,62.4,61.4,62.0,4000500
2010-01-06,240.62599999999998,64.5,64.6,61.9,62.0,7894900
2010-01-07,243.611,65.3,66.1,64.2,65.0,10584100
2010-01-08,246.22299999999998,66.0,66.6,64.7,66.0,7419700
2010-01-11,245.476,65.8,67.5,65.3,66.0,4293100
2010-01-12,249.58,66.9,67.2,65.8,65.8,5042900
2010-01-13,246.22299999999998,66.0,66.6,65.7,66.6,3276200
2010-01-14,254.05700000000002,68.1,68.4,66.2,66.5,5083700
2010-01-15,261.89099999999996,70.2,70.6,69.0,69.2,7759000
2010-01-18,260.772,69.9,70.5,69.2,69.9,4040200
2010-01-19,250.699,67.2,70.1,67.0,70.0,4676300
2010-01-20,248.46099999999998,66.6,68.0,66.3,68.0,2675000
2010-01-21,251.07299999999998,67.3,67.4,65.9,66.6,2543700
2010-01-22,239.88,64.3,65.8,64.0,65.0,4448100
2010-01-25,232.046,62.2,63.6,62.0,63.3,5329500
2010-01-26,225.331,60.4,63.5,60.0,62.2,5678100
2010-01-27,220.854,59.2,60.9,58.9,60.4,4435700
2010-01-28,231.3,62.0,62.4,59.5,59.8,4124400
2010-01-29,231.3,62.0,62.4,59.3,61.0,3401000
2010-02-01,224.585,60.2,62.4,59.8,62.0,2040200
2010-02-02,222.34599999999998,59.6,62.0,59.6,62.0,2725600
2010-02-03,224.585,60.2,61.0,59.5,60.1,2721200
2010-02-04,226.077,60.6,61.2,60.2,61.0,1650200
2010-02-05,216.00400000000002,57.9,59.5,57.1,59.0,3017100
2010-02-08,213.02,57.1,59.2,56.9,58.9,2586100
2010-02-09,214.512,57.5,57.8,56.0,56.8,2775900
2010-02-10,215.63099999999997,57.8,58.5,57.6,58.5,1727300
2010-02-22,220.108,59.0,60.2,59.0,59.5,2650300
2010-02-23,218.243,58.5,59.1,57.5,59.0,1769700
2010-02-24,216.00400000000002,57.9,58.7,57.5,58.0,1642200
2010-02-25,212.646,57.0,58.3,56.9,58.0,2268400
2010-02-26,211.155,56.6,57.7,56.6,57.1,1466500
2010-03-01,213.02,57.1,58.0,56.8,56.8,2304800
2010-03-02,211.90099999999998,56.8,57.9,56.8,57.9,1937200
2010-03-03,212.646,57.0,57.7,56.4,57.5,2325000
2010-03-04,210.78099999999998,56.5,57.5,56.3,57.5,1529300
2010-03-05,214.512,57.5,57.8,56.8,57.2,3467600
2010-03-08,221.227,59.3,59.3,57.1,58.0,5055300
2010-03-09,218.61599999999999,58.6,59.3,58.5,59.0,1957900
2010-03-10,216.75,58.1,59.0,58.0,59.0,1795700
2010-03-11,212.646,57.0,58.6,57.0,58.6,2062000
2010-03-12,213.766,57.3,57.5,57.0,57.5,1542500
2010-03-15,211.52700000000002,56.7,57.6,56.7,57.5,1749800
2010-03-16,211.52700000000002,56.7,57.2,56.5,57.2,1524000
2010-03-17,216.377,58.0,58.0,56.7,57.4,3218600
2010-03-18,214.512,57.5,58.4,57.4,58.4,2673800
2010-03-19,214.885,57.6,57.7,56.6,57.7,3670000
2010-03-22,211.155,56.6,57.4,56.5,57.4,3156700
2010-03-23,206.67700000000002,55.4,56.9,55.2,56.6,5054800
2010-03-24,202.574,54.3,55.9,54.3,55.5,7742900
2010-03-25,207.797,55.7,55.7,53.6,54.3,5950200
2010-03-26,207.424,55.6,56.2,55.1,55.6,3558200
2010-03-29,207.424,55.6,56.2,55.4,56.0,3325100
2010-03-30,208.17,55.8,56.5,55.5,56.5,2551200
2010-03-31,206.305,55.3,55.9,55.2,55.8,2503600
2010-04-01,207.424,55.6,56.0,55.3,55.3,4281200
2010-04-02,209.662,56.2,56.8,55.9,56.2,3378500
2010-04-06,208.17,55.8,56.6,55.7,56.5,3825000
2010-04-07,208.17,55.8,56.4,55.5,56.0,2646300
2010-04-08,208.543,55.9,56.4,55.6,56.0,1793400
2010-04-09,212.646,57.0,57.0,55.7,56.1,4965100
2010-04-12,211.52700000000002,56.7,58.3,56.7,58.0,5375000
2010-04-13,210.78099999999998,56.5,57.3,56.2,56.7,3112600
2010-04-14,212.274,56.9,57.5,56.9,56.9,3215400
2010-04-15,216.377,58.0,58.5,57.6,57.8,4856600
2010-04-16,217.87,58.4,58.9,58.0,58.0,5096500
2010-04-19,215.25799999999998,57.7,58.7,57.6,57.9,5193300
2010-04-20,220.481,59.1,59.9,58.3,58.5,4803700
2010-04-21,222.34599999999998,59.6,59.9,59.2,59.8,5459600
2010-04-22,221.227,59.3,60.3,59.2,59.6,5282100
2010-04-23,221.227,59.3,60.0,59.2,60.0,3641300
2010-04-26,235.03,63.0,63.4,60.1,60.2,9771600
2010-04-27,237.269,63.6,63.6,62.5,63.0,3955300
2010-04-28,234.658,62.9,63.3,61.0,61.0,3612900
2010-04-29,227.56900000000002,61.0,63.0,60.8,63.0,3847700
2010-04-30,227.56900000000002,61.0,62.4,61.0,61.8,3472900
2010-05-03,220.481,59.1,60.7,58.6,60.2,3285900
2010-05-04,223.83900000000003,60.0,60.5,58.7,60.0,3562000
2010-05-05,217.12400000000002,58.2,59.0,58.0,58.5,4370700
2010-05-06,202.201,54.2,57.9,54.2,57.5,8783600
2010-05-07,195.859,52.5,52.5,50.7,51.4,13362400
2010-05-10,196.97799999999998,52.8,53.4,51.8,52.5,4064400
2010-05-11,193.247,51.8,53.6,51.8,53.5,3329300
2010-05-12,193.993,52.0,52.4,51.2,52.0,2678900
2010-05-13,198.47,53.2,53.5,52.5,52.5,3710600
2010-05-14,188.39700000000002,50.5,52.5,49.7,52.5,9680500
2010-05-17,188.025,50.4,50.5,49.0,49.8,9108800
2010-05-18,189.179,336.0,336.0,336.0,336.0,0
2010-05-19,189.179,336.0,336.0,336.0,336.0,0
2010-05-20,189.179,336.0,336.0,336.0,336.0,0
2010-05-21,189.179,336.0,336.0,336.0,336.0,0
2010-05-24,189.179,336.0,336.0,336.0,336.0,0
2010-05-25,189.179,336.0,336.0,336.0,336.0,0
2010-05-26,189.179,336.0,336.0,336.0,336.0,0
2010-05-27,189.179,336.0,336.0,336.0,336.0,0
2010-05-28,189.179,336.0,336.0,336.0,336.0,0
2010-05-31,189.179,336.0,336.0,336.0,336.0,0
2010-06-01,189.179,336.0,336.0,336.0,336.0,0
2010-06-02,189.179,336.0,336.0,336.0,336.0,0
2010-06-03,189.179,336.0,336.0,336.0,336.0,0
2010-06-04,189.179,336.0,336.0,336.0,336.0,0
2010-06-07,189.179,336.0,336.0,336.0,336.0,0
2010-06-08,189.179,336.0,336.0,336.0,336.0,0
2010-06-09,189.179,336.0,336.0,336.0,336.0,0
2010-06-10,189.179,336.0,336.0,336.0,336.0,0
2010-06-11,189.179,336.0,336.0,336.0,336.0,0
2010-06-14,189.179,336.0,336.0,336.0,336.0,0
2010-06-15,189.179,336.0,336.0,336.0,336.0,0
2010-06-16,189.179,336.0,336.0,336.0,336.0,0
2010-06-17,189.179,336.0,336.0,336.0,336.0,0
2010-06-18,189.179,336.0,336.0,336.0,336.0,0
2010-06-21,189.179,336.0,336.0,336.0,336.0,0
2010-06-22,189.179,336.0,336.0,336.0,336.0,0
2010-06-23,189.179,336.0,336.0,336.0,336.0,0
2010-06-24,135.409,240.5,240.5,240.5,240.5,3767300
2010-06-25,142.447,253.0,257.0,249.5,254.0,17116600
2010-06-28,136.254,242.0,252.5,240.5,252.0,7078400
2010-06-29,135.972,241.5,250.0,238.5,246.0,8995000
2010-06-30,134.846,239.49900000000002,240.5,235.0,235.0,6154900
2010-07-01,125.556,223.0,240.0,223.0,240.0,6603800
2010-07-02,125.556,223.0,225.0,210.0,219.0,16224700
2010-07-05,125.556,223.0,226.0,218.00099999999998,221.00099999999998,6186600
2010-07-06,125.838,223.5,229.0,220.5,220.5,5499700
2010-07-07,129.216,229.5,231.5,223.5,226.0,4370000
2010-07-08,132.312,235.0,235.0,230.0,232.0,4520100
2010-07-09,131.749,234.0,235.0,231.0,235.0,3090200
2010-07-12,127.245,226.0,232.0,226.0,230.0,4104000
2010-07-13,128.653,228.5,230.0,227.00099999999998,228.0,1936100
2010-07-14,133.157,236.49900000000002,237.0,232.0,233.0,4739700
2010-07-15,130.905,232.5,235.0,232.5,235.0,2009300
2010-07-16,130.905,232.5,235.5,232.5,234.0,2172800
2010-07-19,130.623,232.0,234.5,230.49900000000002,231.5,1716500
2010-07-20,132.312,235.0,236.0,232.0,233.0,1226100
2010-07-21,132.031,234.5,236.0,233.0,234.0,1405400
2010-07-22,132.312,235.0,242.0,235.0,236.0,3544100
2010-07-23,135.127,240.0,243.5,236.0,236.0,4045500
2010-07-26,133.72,237.5,241.0,237.0,240.0,1604300
2010-07-27,132.594,235.5,237.5,235.0,235.0,1737200
2010-07-28,137.09799999999998,243.5,243.5,236.0,237.5,3727100
2010-07-29,135.972,241.5,242.49900000000002,239.0,242.0,2135000
2010-07-30,135.972,241.5,241.5,238.5,240.5,1440800
2010-08-02,137.94299999999998,245.0,246.5,243.0,243.0,2302100
2010-08-03,140.75799999999995,250.0,251.0,244.0,246.0,4906800
2010-08-04,141.321,251.0,252.5,248.0,249.5,3408600
2010-08-05,137.38,244.0,251.0,243.5,251.0,3159800
2010-08-06,136.254,242.0,245.50099999999998,241.0,242.49900000000002,1721400
2010-08-09,132.876,236.0,242.49900000000002,236.0,240.0,2802300
2010-08-10,128.089,227.5,238.0,226.5,238.0,5011700
2010-08-11,128.934,229.0,231.0,227.00099999999998,227.00099999999998,1816500
2010-08-12,127.245,226.0,229.5,222.5,229.0,2649800
2010-08-13,132.312,235.0,238.0,227.5,229.5,3261000
2010-08-16,134.283,238.5,238.5,224.5,230.0,6927100
2010-08-17,129.778,230.49900000000002,236.0,228.0,236.0,4004000
2010-08-18,127.245,226.0,230.49900000000002,225.5,228.0,3257400
2010-08-19,130.905,232.5,234.0,226.0,226.0,3851500
2010-08-20,129.497,230.0,232.0,228.0,232.0,1657900
2010-08-23,130.342,231.5,232.5,228.0,228.0,2126400
2010-08-24,129.216,229.5,233.0,227.00099999999998,230.49900000000002,3064600
2010-08-25,124.149,220.5,228.0,220.5,227.00099999999998,7011300
2010-08-26,122.741,218.00099999999998,220.5,218.00099999999998,220.0,2913300
2010-08-27,120.48899999999999,214.0,219.0,212.5,217.5,3895400
2010-08-30,119.36200000000001,211.99900000000002,217.5,210.5,217.5,3370800
2010-08-31,120.20700000000001,213.5,215.00099999999998,208.99900000000002,211.99900000000002,3932000
2010-09-01,119.925,213.0,216.5,211.5,211.5,1865300
2010-09-02,118.236,210.0,216.5,210.0,216.0,2034900
2010-09-03,119.64399999999999,212.5,213.5,210.0,211.99900000000002,3224400
2010-09-06,123.867,220.0,220.5,214.0,214.5,1872700
2010-09-07,124.711,221.5,223.0,218.00099999999998,220.0,1118700
2010-09-08,123.867,220.0,222.5,217.5,222.0,1564000
2010-09-09,123.867,220.0,223.0,219.0,223.0,2524100
2010-09-10,124.711,221.5,224.00099999999998,220.5,223.0,1437100
2010-09-13,128.371,228.0,230.0,223.0,223.0,2576600
2010-09-14,128.089,227.5,229.0,226.0,229.0,757600
2010-09-15,130.623,232.0,233.0,229.5,229.5,2166700
2010-09-16,129.216,229.5,233.0,228.0,233.0,1775100
2010-09-17,129.497,230.0,235.0,229.0,230.49900000000002,3202500
2010-09-20,127.80799999999999,227.00099999999998,230.49900000000002,227.00099999999998,230.0,2202100
2010-09-21,129.216,229.5,230.0,227.5,228.0,907600
2010-09-22,129.216,229.5,229.5,229.5,229.5,0
2010-09-23,130.905,232.5,234.0,229.0,229.0,1616500
2010-09-24,127.80799999999999,227.00099999999998,232.0,226.0,231.5,2159400
2010-09-27,125.838,223.5,229.0,222.0,228.0,1433500
2010-09-28,126.119,224.00099999999998,226.5,223.5,224.5,977200
2010-09-29,126.682,225.0,226.0,223.0,225.0,3028000
2010-09-30,126.119,224.00099999999998,226.0,223.0,223.0,1434700
2010-10-01,125.838,223.5,225.5,223.0,225.0,1766500
2010-10-04,128.371,228.0,229.0,224.5,224.5,2289900
2010-10-05,124.43,221.00099999999998,226.0,221.00099999999998,226.0,1898300
2010-10-06,124.43,221.00099999999998,226.5,221.00099999999998,226.0,2020300
2010-10-07,124.149,220.5,223.5,218.5,221.5,2856000
2010-10-08,123.867,220.0,222.0,219.5,220.5,944200
2010-10-11,122.741,218.00099999999998,222.0,217.0,221.00099999999998,1718900
2010-10-12,120.20700000000001,213.5,218.00099999999998,211.99900000000002,218.00099999999998,2305800
2010-10-13,119.925,213.0,216.0,211.5,215.00099999999998,1804300
2010-10-14,121.896,216.5,219.0,213.0,213.0,2551000
2010-10-15,122.178,217.0,218.5,215.5,216.0,1018700
2010-10-18,121.052,215.00099999999998,219.0,214.5,217.5,1312700
2010-10-19,121.615,216.0,217.0,214.5,217.0,973500
2010-10-20,120.48899999999999,214.0,216.0,213.0,213.0,1770200
2010-10-21,121.615,216.0,218.5,215.00099999999998,217.0,2206900
2010-10-22,129.778,230.49900000000002,231.0,219.5,220.5,6670900
2010-10-25,138.505,246.0,246.5,230.49900000000002,230.49900000000002,11809600
2010-10-26,134.565,239.0,248.0,239.0,245.50099999999998,5542400
2010-10-27,135.127,240.0,245.0,240.0,240.0,3040200
2010-10-28,137.09799999999998,243.5,247.5,238.5,240.5,5258200
2010-10-29,139.914,248.50099999999998,251.50099999999998,246.0,246.0,7783600
2010-11-01,141.321,251.0,252.0,246.0,248.50099999999998,4976300
2010-11-02,140.75799999999995,250.0,256.0,249.0,250.0,4439500
2010-11-03,138.787,246.5,253.5,244.5,251.50099999999998,5565600
2010-11-04,139.914,248.50099999999998,252.5,247.0,247.0,2640000
2010-11-05,138.505,246.0,252.0,246.0,251.0,2544900
2010-11-08,134.565,239.0,246.5,239.0,246.0,3378100
2010-11-09,134.283,238.5,242.49900000000002,238.5,239.0,3001200
2010-11-10,141.321,251.0,253.5,240.0,240.0,6184100
2010-11-11,139.069,247.0,251.50099999999998,247.0,249.0,3123200
2010-11-12,139.35,247.5,250.0,246.0,247.0,1465200
2010-11-15,141.884,252.0,252.0,247.0,251.0,4260200
2010-11-16,142.165,252.5,254.0,250.0,251.50099999999998,2770600
2010-11-17,140.75799999999995,250.0,251.0,246.5,250.0,1561600
2010-11-18,139.632,248.0,251.0,247.5,250.0,990600
2010-11-19,140.194,249.0,253.0,248.0,250.0,2258200
2010-11-22,142.447,253.0,253.5,250.0,250.5,1955600
2010-11-23,141.039,250.5,254.0,250.5,253.0,2064200
2010-11-24,145.543,258.5,262.0,250.0,250.0,4687200
2010-11-25,148.359,263.5,266.999,257.0,258.0,5737600
2010-11-26,155.39700000000005,276.001,281.5,263.0,263.5,11026300
2010-11-29,152.58100000000005,271.0,277.0,269.5,276.001,4870200
2010-11-30,148.359,263.5,274.0,263.5,269.999,3694100
2010-12-01,149.485,265.5,266.0,260.5,264.5,4698200
2010-12-02,151.737,269.5,272.999,266.0,267.5,5213000
2010-12-03,150.892,268.0,272.5,268.0,271.5,4341900
2010-12-06,161.308,286.5,286.5,269.0,269.999,8152000
2010-12-07,158.21200000000005,281.0,286.0,276.001,286.0,6412300
2010-12-08,157.649,280.0,286.0,278.0,281.0,3058500
2010-12-09,156.523,278.0,284.0,275.5,281.0,3150000
2010-12-10,159.338,283.0,289.5,283.0,289.0,6052400
2010-12-13,160.183,284.5,286.0,284.0,285.001,4335800
2010-12-14,156.804,278.5,286.0,278.0,286.0,4454200
2010-12-15,156.241,277.5,282.001,274.0,280.0,2957200
2010-12-16,154.55200000000005,274.5,277.0,271.0,275.0,2981600
2010-12-17,159.619,283.5,285.001,275.0,276.5,5676600
2010-12-20,156.523,278.0,284.0,276.5,284.0,2143500
2010-12-21,156.241,277.5,280.0,276.001,279.5,1071100
2010-12-22,157.086,279.001,279.5,277.0,278.0,2150800
2010-12-23,157.93,280.5,281.0,278.0,281.0,1256600
2010-12-24,155.959,277.0,280.0,276.001,279.5,1464000
2010-12-27,155.678,276.5,280.5,275.0,275.0,1213900
2010-12-28,156.523,278.0,278.5,275.5,276.5,1327300
2010-12-29,153.42600000000004,272.5,277.0,271.5,276.001,1604300
2010-12-30,153.707,272.999,275.0,269.0,275.0,1706700
2010-12-31,155.959,277.0,277.0,271.0,272.0,1637200
2011-01-03,153.42600000000004,272.5,278.0,272.5,277.0,1348100
2011-01-04,154.27,274.0,277.0,272.5,274.0,1453000
2011-01-05,146.951,260.999,275.5,258.5,274.0,5005600
2011-01-06,145.262,258.0,263.999,252.5,262.0,7039400
2011-01-07,150.611,267.5,276.001,257.501,259.5,5082500
2011-01-10,150.329,266.999,268.0,263.5,268.0,1727500
2011-01-11,149.203,265.0,266.0,263.0,263.999,1605500
2011-01-12,147.514,262.0,268.0,262.0,265.0,1445700
2011-01-13,146.388,260.0,265.0,260.0,265.0,2061800
2011-01-14,150.329,266.999,268.0,260.0,260.999,3130500
2011-01-17,146.388,260.0,267.5,260.0,266.999,1923900
2011-01-18,147.796,262.5,262.5,258.0,260.0,2237400
2011-01-19,148.64,263.999,264.5,260.5,263.5,1704300
2011-01-20,148.077,263.0,265.0,255.0,260.999,5047100
2011-01-21,145.262,258.0,259.5,256.0,258.5,4195500
2011-01-24,145.262,258.0,260.5,257.501,258.0,2455800
2011-01-25,147.514,262.0,265.0,261.5,262.0,2877900
2011-01-26,148.077,263.0,265.0,260.0,260.0,1936100
2011-01-27,145.825,259.0,265.0,258.0,263.0,3962500
2011-01-28,147.514,262.0,262.0,254.0,259.0,6236600
2011-02-08,147.514,262.0,263.5,256.0,262.0,4155300
2011-02-09,144.981,257.501,260.0,257.501,259.0,4662800
2011-02-10,139.069,247.0,254.50099999999998,247.0,253.0,5669300
2011-02-11,130.342,231.5,245.0,231.5,245.0,9479400
2011-02-14,139.35,247.5,247.5,241.0,242.49900000000002,3591600
2011-02-15,142.447,253.0,257.0,248.50099999999998,253.0,5723000
2011-02-16,140.476,249.5,255.5,249.5,255.0,2004400
2011-02-17,138.505,246.0,251.50099999999998,246.0,250.0,2430200
2011-02-18,141.039,250.5,252.0,249.0,249.5,1970300
2011-02-21,141.60299999999995,251.50099999999998,252.0,249.0,252.0,1566400
2011-02-22,140.75799999999995,250.0,250.0,245.0,249.0,2504600
2011-02-23,140.75799999999995,250.0,251.50099999999998,248.0,249.0,1889700
2011-02-24,144.981,257.501,261.5,251.50099999999998,251.50099999999998,2924300
2011-02-25,151.455,269.0,270.5,259.0,260.999,7152800
2011-03-01,155.39700000000005,276.001,280.5,274.0,274.0,6567200
2011-03-02,150.892,268.0,274.5,268.0,274.5,4034500
2011-03-03,151.174,268.5,272.5,268.0,271.0,3813700
2011-03-04,151.455,269.0,273.5,268.5,272.0,2674200
2011-03-07,148.922,264.5,269.0,264.5,268.0,1354200
2011-03-08,146.951,260.999,268.5,260.0,266.999,3469600
2011-03-09,146.107,259.5,263.999,259.0,263.999,2044700
2011-03-10,145.262,258.0,260.0,256.5,258.0,2746200
2011-03-11,142.447,253.0,257.0,252.0,256.0,3459900
2011-03-14,141.60299999999995,251.50099999999998,252.5,248.0,250.5,2404600
2011-03-15,139.069,247.0,253.5,243.0,251.50099999999998,4087000
2011-03-16,137.94299999999998,245.0,253.0,244.0,248.50099999999998,2797400
2011-03-17,137.94299999999998,245.0,247.5,240.5,242.0,2702300
2011-03-18,142.447,253.0,253.0,244.0,246.5,2753500
2011-03-21,141.884,252.0,253.0,250.0,253.0,1113800
2011-03-22,138.787,246.5,253.5,245.50099999999998,252.0,3113400
2011-03-23,141.321,251.0,251.0,246.0,248.0,3455000
2011-03-24,143.57299999999995,255.0,257.501,250.0,251.0,3102400
2011-03-25,142.72799999999995,253.5,256.0,250.0,253.0,3081700
2011-03-28,134.565,239.0,243.0,236.0,241.5,9142600
2011-03-29,135.69,241.0,241.0,236.0,236.0,4787200
2011-03-30,139.069,247.0,247.0,240.0,241.0,1838500
2011-03-31,143.292,254.50099999999998,254.50099999999998,246.0,248.50099999999998,3186600
2011-04-01,139.632,248.0,254.0,245.50099999999998,253.0,5914500
2011-04-06,143.292,254.50099999999998,254.50099999999998,250.0,251.50099999999998,4842100
2011-04-07,142.447,253.0,254.50099999999998,251.50099999999998,254.50099999999998,1035700
2011-04-08,143.292,254.50099999999998,258.0,251.50099999999998,252.0,2194700
2011-04-11,139.35,247.5,253.0,247.5,252.5,2874300
2011-04-12,139.069,247.0,250.0,245.50099999999998,247.5,2338700
2011-04-13,139.632,248.0,248.50099999999998,246.5,247.0,1244400
2011-04-14,135.972,241.5,248.0,241.0,247.0,3163400
2011-04-15,134.001,238.0,244.5,238.0,243.5,2737600
2011-04-18,134.001,238.0,241.0,237.5,238.0,1196800
2011-04-19,133.72,237.5,239.0,236.0,236.0,1189500
2011-04-20,135.972,241.5,242.0,236.0,236.0,2047100
2011-04-21,139.914,248.50099999999998,250.0,247.5,250.0,2673000
2011-04-22,140.476,249.5,249.5,247.0,249.5,1160200
2011-04-25,138.787,246.5,250.0,246.5,249.5,888100
2011-04-26,140.75799999999995,250.0,250.0,245.0,245.0,2836500
2011-04-27,148.64,263.999,263.999,251.0,252.0,8641200
2011-04-28,151.455,269.0,275.0,268.0,268.0,9494000
2011-04-29,145.262,258.0,268.5,256.0,268.0,5375300
2011-05-03,148.077,263.0,263.5,259.5,259.5,2393600
2011-05-04,149.766,266.0,267.5,255.0,263.999,2552200
2011-05-05,151.174,268.5,269.999,263.5,266.0,3186600
2011-05-06,149.766,266.0,266.999,263.0,265.0,1428600
2011-05-09,148.077,263.0,271.0,263.0,267.5,2903600
2011-05-10,147.514,262.0,266.999,260.0,266.999,2308200
2011-05-11,148.922,264.5,265.5,262.0,264.5,2663200
2011-05-12,146.388,260.0,263.0,258.5,263.0,2710800
2011-05-13,147.796,262.5,263.0,258.0,258.0,2352100
2011-05-16,149.203,265.0,269.5,260.5,262.5,3185400
2011-05-17,148.64,263.999,266.0,261.5,266.0,1526200
2011-05-18,145.262,258.0,265.0,257.0,265.0,4527400
2011-05-19,145.262,258.0,262.0,258.0,258.5,1476200
2011-05-20,145.262,258.0,262.0,258.0,260.0,1360300
2011-05-23,144.136,256.0,260.999,254.50099999999998,258.5,1748200
2011-05-24,148.077,263.0,263.0,256.0,257.501,1305400
2011-05-25,148.359,263.5,266.999,259.5,260.999,2361900
2011-05-26,154.834,275.0,277.5,268.5,269.999,7130900
2011-05-27,161.02700000000004,286.0,293.0,275.0,275.0,12585500
2011-05-30,163.279,290.0,291.499,286.0,286.0,6649000
2011-05-31,168.91,300.0,301.0,291.0,292.0,10754300
2011-06-01,168.628,299.5,308.0,299.5,301.5,10255300
2011-06-02,164.968,293.0,296.0,290.5,296.0,8853500
2011-06-03,168.91,300.0,304.0,295.0,295.0,7648100
2011-06-07,170.88,303.499,303.499,295.0,299.5,6256100
2011-06-08,166.93900000000005,296.5,302.0,296.0,300.0,4912900
2011-06-09,164.968,293.0,295.5,292.0,292.0,3484300
2011-06-10,160.464,285.001,293.0,283.0,291.0,9251200
2011-06-13,161.02700000000004,286.0,288.001,280.0,281.0,4701800
2011-06-14,161.02700000000004,286.0,290.5,283.5,285.001,3624600
2011-06-15,158.775,282.001,289.0,277.0,289.0,4522500
2011-06-16,159.901,284.0,287.5,277.0,277.0,3808800
2011-06-17,157.36700000000005,279.5,286.0,277.0,284.0,3889300
2011-06-20,155.39700000000005,276.001,282.001,274.0,282.001,2723000
2011-06-21,154.27,274.0,278.0,269.0,278.0,5642500
2011-06-22,155.115,275.5,278.0,271.0,276.001,6755100
2011-06-23,156.804,278.5,283.0,275.5,275.5,4529800
2011-06-24,157.93,280.5,281.0,273.5,275.0,4740900
2011-06-27,157.36700000000005,279.5,281.5,276.001,277.0,2985300
2011-06-28,156.523,278.0,280.5,277.0,280.0,2430200
2011-06-29,158.21200000000005,281.0,288.001,278.0,280.0,5043400
2011-06-30,160.464,285.001,286.0,281.0,282.5,3195100
2011-07-01,161.02700000000004,286.0,290.0,285.001,286.5,3905200
2011-07-04,163.842,291.0,293.5,287.5,289.0,5169100
2011-07-05,166.93900000000005,296.5,298.5,289.5,292.0,6413500
2011-07-06,164.968,293.0,296.5,290.5,293.0,3791700
2011-07-07,159.901,284.0,291.0,284.0,291.0,5225200
2011-07-08,159.338,283.0,286.0,281.5,282.001,6272000
2011-07-11,155.959,277.0,285.001,275.5,283.0,7709100
2011-07-12,154.27,274.0,274.0,269.999,272.999,5153200
2011-07-13,152.863,271.5,279.001,268.0,278.0,6104800
2011-07-14,150.329,266.999,275.0,263.5,274.0,5788900
2011-07-15,157.649,280.0,285.001,269.0,269.0,6052400
2011-07-18,157.36700000000005,279.5,284.5,278.5,280.0,3220800
2011-07-19,161.02700000000004,286.0,287.0,280.0,282.001,3479400
2011-07-20,166.09400000000005,295.0,297.0,287.0,287.5,8354500
2011-07-21,164.968,293.0,299.0,290.0,295.0,5309400
2011-07-22,166.657,296.0,296.5,292.0,295.0,3901500
2011-07-25,164.968,293.0,296.0,292.5,296.0,2148400
2011-07-26,169.472,301.0,301.0,292.5,293.0,5459500
2011-07-27,168.34599999999998,299.0,301.5,293.0,293.0,6469600
2011-07-28,174.821,310.5,311.0,294.499,297.0,15197500
2011-07-29,168.637,232.0,247.0,230.0,246.0,20059000
2011-08-01,180.267,248.0,248.0,239.0,241.0,9951000
2011-08-02,191.89700000000002,264.0,265.0,250.0,250.0,11942000
2011-08-03,185.718,255.5,261.0,252.5,261.0,8218000
2011-08-04,178.813,246.0,260.5,245.0,257.0,7186000
2011-08-05,169.727,233.5,238.0,229.0,229.0,11088000
2011-08-08,170.09,234.0,237.0,227.0,233.5,7778000
2011-08-09,172.998,238.0,243.0,228.0,230.0,14181000
2011-08-10,168.637,232.0,248.0,231.5,248.0,16249000
2011-08-11,167.546,230.5,235.0,221.0,228.0,7465000
2011-08-12,161.368,222.0,236.0,221.0,235.5,11934000
2011-08-15,170.817,235.0,235.0,224.5,227.0,5950000
2011-08-16,172.271,237.0,244.5,236.0,242.0,6911000
2011-08-17,176.632,243.0,244.5,239.0,242.0,7837000
2011-08-18,175.542,241.5,243.0,237.0,243.0,5878000
2011-08-19,164.275,226.0,236.0,226.0,236.0,6226000
2011-08-22,170.817,235.0,235.0,226.5,229.0,4788000
2011-08-23,175.542,241.5,242.0,234.0,236.0,5057000
2011-08-24,176.269,242.5,246.5,238.0,244.0,5684000
2011-08-25,180.267,248.0,253.0,243.0,247.5,7432000
2011-08-26,177.359,244.0,258.0,243.5,254.0,8315000
2011-08-29,183.174,252.0,254.0,248.0,249.5,4368000
2011-08-30,180.99400000000003,249.0,254.0,248.0,254.0,4564000
2011-08-31,178.08599999999996,245.0,252.0,244.0,249.0,6428000
2011-09-01,182.447,251.0,258.0,250.0,252.0,9801000
2011-09-02,181.357,249.5,251.0,246.0,251.0,3676000
2011-09-05,177.359,244.0,246.5,243.5,246.0,2937000
2011-09-06,171.18099999999995,235.5,243.0,235.5,241.0,5270000
2011-09-07,176.99599999999995,243.5,245.0,237.0,240.0,3426000
2011-09-08,179.176,246.5,250.0,245.0,247.5,5003000
2011-09-09,180.267,248.0,249.5,243.0,249.0,4260000
2011-09-13,172.998,238.0,248.0,236.0,248.0,6253000
2011-09-14,172.635,237.5,243.0,234.0,243.0,5388000
2011-09-15,179.176,246.5,251.0,243.5,244.5,7906000
2011-09-16,182.81099999999998,251.5,255.0,251.5,252.0,7396000
2011-09-19,184.628,254.0,254.0,250.5,252.0,3435000
2011-09-20,183.174,252.0,254.0,247.5,253.5,2911000
2011-09-21,183.174,252.0,252.0,248.0,252.0,2711000
2011-09-22,176.269,242.5,249.0,242.0,249.0,3757000
2011-09-23,167.91,231.0,238.0,229.0,235.0,8422000
2011-09-26,163.548,225.0,226.0,225.0,226.0,25301000
2011-09-27,170.817,235.0,237.0,230.0,231.0,5638000
2011-09-28,170.817,235.0,240.0,233.5,239.0,3833000
2011-09-29,170.817,235.0,237.0,230.0,234.0,3527000
2011-09-30,167.91,231.0,239.0,230.5,239.0,4670000
2011-10-03,156.28,215.0,221.5,215.0,221.5,7553000
2011-10-04,147.55700000000004,203.0,206.0,200.0,201.0,16194000
2011-10-05,151.192,208.0,209.0,204.0,206.0,4883000
2011-10-06,150.465,207.0,213.0,203.0,212.0,6886000
2011-10-07,156.28,215.0,215.0,215.0,215.0,11258000
2011-10-11,165.36599999999999,227.5,227.5,219.0,220.5,7695000
2011-10-12,163.548,225.0,229.5,224.5,226.0,4014000
2011-10-13,161.368,222.0,228.5,219.5,228.0,5484000
2011-10-14,157.007,216.0,222.5,216.0,218.0,3801000
2011-10-17,161.731,222.5,223.5,219.0,219.0,2961000
2011-10-18,157.733,217.0,218.5,215.5,216.0,2589000
2011-10-19,158.82399999999996,218.5,219.5,215.0,219.0,1997000
2011-10-20,154.826,213.0,218.5,211.5,218.0,4222000
2011-10-21,154.099,212.0,216.0,210.0,216.0,4092000
2011-10-24,158.097,217.5,218.0,214.0,216.0,3649000
2011-10-25,159.187,219.0,221.0,216.5,219.0,3894000
2011-10-26,158.46,218.0,219.5,215.0,217.0,1952000
2011-10-27,161.368,222.0,223.0,219.0,219.5,3420000
2011-10-28,157.733,217.0,228.0,217.0,226.0,4555000
2011-10-31,153.009,210.5,217.5,209.0,215.0,4871000
2011-11-01,150.828,207.5,213.0,206.5,212.0,7711000
2011-11-02,149.738,206.0,208.0,202.5,203.0,4926000
2011-11-03,148.284,204.0,209.5,204.0,209.5,5315000
2011-11-04,151.192,208.0,209.0,205.5,209.0,3630000
2011-11-07,154.826,213.0,214.0,208.5,210.0,2877000
2011-11-08,154.826,213.0,217.0,211.0,217.0,2721000
2011-11-09,153.009,210.5,216.0,210.5,216.0,2321000
2011-11-10,149.011,205.0,207.5,203.0,206.0,4010000
2011-11-11,147.921,203.5,206.5,202.0,206.0,3591000
2011-11-14,151.918,209.0,210.0,206.0,207.0,2069000
2011-11-15,149.738,206.0,210.0,206.0,210.0,1129000
2011-11-16,147.921,203.5,210.0,203.0,209.0,3571000
2011-11-17,149.738,206.0,206.0,200.5,202.0,1769000
2011-11-18,147.194,202.5,204.5,201.5,203.0,3231000
2011-11-21,146.10299999999995,201.0,203.0,200.0,200.5,2706000
2011-11-22,138.471,190.5,200.0,190.0,200.0,7158000
2011-11-23,134.11,184.5,187.0,183.5,183.5,5686000
2011-11-24,133.38299999999998,183.5,184.5,178.0,184.0,7014000
2011-11-25,137.381,189.0,196.0,187.0,189.0,8036000
2011-11-28,142.469,196.0,198.0,193.0,198.0,4325000
2011-11-29,146.467,201.5,202.0,196.5,199.0,6434000
2011-11-30,148.64700000000005,204.5,205.0,199.0,205.0,5340000
2011-12-01,151.918,209.0,213.0,209.0,212.0,5512000
2011-12-02,148.284,204.0,210.5,203.0,210.0,3955000
2011-12-05,147.921,203.5,206.5,202.0,204.0,3723000
2011-12-06,144.65,199.0,202.0,197.0,202.0,4355000
2011-12-07,146.10299999999995,201.0,203.0,197.5,201.0,5271000
2011-12-08,146.83,202.0,202.0,198.5,201.0,2973000
2011-12-09,149.738,206.0,207.0,197.5,200.0,4488000
2011-12-12,152.645,210.0,211.0,208.0,209.0,4695000
2011-12-13,152.645,210.0,211.0,206.5,208.0,2533000
2011-12-14,152.282,209.5,210.5,208.0,210.0,2005000
2011-12-15,149.374,205.5,208.0,204.5,208.0,2927000
2011-12-16,151.918,209.0,209.0,200.0,205.0,3153000
2011-12-19,149.011,205.0,208.5,203.0,208.5,2270000
2011-12-20,147.194,202.5,208.0,201.5,208.0,2280000
2011-12-21,156.28,215.0,216.0,208.5,210.0,6089000
2011-12-22,156.28,215.0,215.5,210.5,215.0,4930000
2011-12-23,156.643,215.5,217.5,214.0,215.0,3719000
2011-12-26,156.28,215.0,217.0,214.5,217.0,1567000
2011-12-27,156.643,215.5,216.0,213.0,214.5,1719000
2011-12-28,156.643,215.5,216.0,213.5,215.5,1590000
2011-12-29,156.643,215.5,216.0,213.0,214.5,1143000
2011-12-30,156.643,215.5,218.0,215.5,218.0,1421000
2012-01-02,156.643,215.5,215.5,215.5,215.5,0
2012-01-03,156.643,215.5,215.5,215.5,215.5,0
2012-01-04,156.643,215.5,215.5,215.5,215.5,0
2012-01-05,156.643,215.5,215.5,215.5,215.5,0
2012-01-06,167.183,230.0,237.0,229.5,232.5,4907000
2012-01-09,169.0,232.5,234.5,228.0,229.5,3152000
2012-01-10,166.81900000000005,229.5,232.5,225.0,231.0,5317000
2012-01-11,166.81900000000005,229.5,231.0,226.5,229.5,2867000
2012-01-12,166.81900000000005,229.5,231.0,227.5,230.0,2713000
2012-01-13,166.81900000000005,229.5,233.0,229.0,231.0,3741000
2012-01-16,161.731,222.5,232.0,222.5,230.0,2812000
2012-01-17,162.822,224.0,224.0,219.0,222.0,4688000
2012-01-18,167.183,230.0,230.0,222.5,225.0,3226000
2012-01-19,167.183,230.0,230.0,230.0,230.0,0
2012-01-20,167.183,230.0,230.0,230.0,230.0,0
2012-01-23,167.183,230.0,230.0,230.0,230.0,0
2012-01-24,167.183,230.0,230.0,230.0,230.0,0
2012-01-25,167.183,230.0,230.0,230.0,230.0,0
2012-01-26,167.183,230.0,230.0,230.0,230.0,0
2012-01-27,167.183,230.0,230.0,230.0,230.0,0
2012-01-30,165.002,227.0,236.5,226.0,235.0,5976000
2012-01-31,170.09,234.0,234.0,228.5,230.0,4573000
2012-02-01,171.18099999999995,235.5,238.0,231.0,235.0,4251000
2012-02-02,180.267,248.0,251.0,239.0,239.0,10187000
2012-02-03,178.08599999999996,245.0,253.5,243.0,250.0,6429000
2012-02-06,175.179,241.0,249.0,240.0,245.0,3169000
2012-02-07,176.99599999999995,243.5,244.5,238.5,242.0,5690000
2012-02-08,181.72099999999998,250.0,250.5,244.0,247.0,4596000
2012-02-09,180.63,248.5,251.0,248.0,249.0,5017000
2012-02-10,178.45,245.5,250.0,243.5,250.0,2432000
2012-02-13,180.267,248.0,248.5,244.0,246.5,2378000
2012-02-14,180.63,248.5,249.0,243.5,248.5,3083000
2012-02-15,180.267,248.0,250.0,246.5,249.0,4238000
2012-02-16,173.725,239.0,246.5,238.0,246.0,4690000
2012-02-17,173.725,239.0,242.5,235.0,241.5,4829000
2012-02-20,179.54,247.0,247.0,239.5,240.0,4562000
2012-02-21,180.63,248.5,252.0,246.0,248.0,6842000
2012-02-22,190.44299999999998,262.0,262.5,250.0,253.0,11534000
2012-02-23,188.989,260.0,261.0,256.0,261.0,6648000
2012-02-24,187.53599999999997,258.0,260.0,255.5,260.0,3989000
2012-02-27,187.53599999999997,258.0,258.0,258.0,258.0,0
2012-02-28,187.53599999999997,258.0,258.0,258.0,258.0,0
2012-02-29,200.61900000000003,276.0,276.0,275.0,276.0,7529000
2012-03-01,208.252,286.5,292.0,278.0,279.0,14934000
2012-03-02,208.252,286.5,290.0,284.5,289.0,6919000
2012-03-05,204.25400000000002,281.0,287.0,279.5,284.0,5386000
2012-03-06,203.16400000000002,279.5,281.5,274.0,281.0,4883000
2012-03-07,202.07299999999998,278.0,283.0,275.0,276.0,5075000
2012-03-08,200.61900000000003,276.0,280.5,276.0,280.0,3692000
2012-03-09,201.34599999999998,277.0,282.5,277.0,281.0,3672000
2012-03-12,195.895,269.5,279.0,269.5,278.0,3740000
2012-03-13,201.34599999999998,277.0,279.0,272.5,274.0,4530000
2012-03-14,204.981,282.0,286.0,279.5,284.0,6281000
2012-03-15,207.16099999999997,285.0,286.0,281.0,283.0,5428000
2012-03-16,202.07299999999998,278.0,284.0,278.0,283.5,3011000
2012-03-19,203.89,280.5,283.5,278.0,283.0,2268000
2012-03-20,204.981,282.0,282.5,279.5,282.0,2198000
2012-03-21,203.52700000000002,280.0,283.0,275.0,283.0,2466000
2012-03-22,203.89,280.5,283.0,279.0,281.0,2263000
2012-03-23,206.798,284.5,284.5,281.0,282.0,2020000
2012-03-26,203.52700000000002,280.0,283.0,279.0,283.0,1883000
2012-03-27,204.25400000000002,281.0,283.5,278.5,283.0,1966000
2012-03-28,203.89,280.5,283.0,279.0,283.0,1718000
2012-03-29,202.07299999999998,278.0,285.0,273.0,280.5,6282000
2012-03-30,202.437,278.5,278.5,270.5,274.5,4650000
2012-04-02,201.34599999999998,277.0,278.5,273.0,275.0,2417000
2012-04-03,197.71200000000002,272.0,279.0,268.0,279.0,4372000
2012-04-04,197.71200000000002,272.0,272.0,272.0,272.0,0
2012-04-05,195.168,268.5,270.5,257.5,267.0,5228000
2012-04-06,200.61900000000003,276.0,276.0,269.0,269.0,3008000
2012-04-09,195.53099999999998,269.0,273.0,268.0,270.0,1318000
2012-04-10,196.622,270.5,275.0,265.0,275.0,2029000
2012-04-11,196.985,271.0,272.0,268.0,270.5,2166000
2012-04-12,196.985,271.0,273.5,270.0,273.0,2812000
2012-04-13,201.34599999999998,277.0,281.0,275.0,276.0,5271000
2012-04-16,199.52900000000002,274.5,276.0,273.0,276.0,1862000
2012-04-17,197.71200000000002,272.0,278.0,270.5,278.0,3342000
2012-04-18,204.25400000000002,281.0,282.0,275.5,278.0,6328000
2012-04-19,206.798,284.5,284.5,279.0,282.0,3935000
2012-04-20,198.43900000000002,273.0,283.0,271.5,281.5,4049000
2012-04-23,203.16400000000002,279.5,279.5,269.0,273.0,2696000
2012-04-24,200.61900000000003,276.0,279.5,275.5,279.0,2464000
2012-04-25,208.615,287.0,287.0,276.5,284.0,6073000
2012-04-26,209.342,288.0,296.0,283.0,287.0,8542000
2012-04-27,214.067,294.5,297.0,288.5,292.0,7983000
2012-04-30,214.43,295.0,298.0,293.0,296.0,5366000
2012-05-01,214.43,295.0,295.0,295.0,295.0,0
2012-05-02,229.331,315.5,315.5,300.0,300.0,12048000
2012-05-03,224.97,309.5,320.0,309.5,316.0,5834000
2012-05-04,231.149,318.0,322.0,309.0,309.5,7377000
2012-05-07,225.697,310.5,314.0,309.0,312.0,4211000
2012-05-08,236.237,325.0,326.5,312.0,314.5,8711000
2012-05-09,227.878,313.5,323.5,312.0,319.5,5457000
2012-05-10,227.514,313.0,315.0,308.0,310.5,2811000
2012-05-11,217.701,299.5,316.0,299.0,313.5,4991000
2012-05-14,223.516,307.5,309.0,300.0,300.0,3068000
2012-05-15,225.333,310.0,310.5,301.5,306.0,3218000
2012-05-16,213.703,294.0,309.5,293.0,309.0,5140000
2012-05-17,222.063,305.5,307.5,298.0,300.0,4754000
2012-05-18,215.157,296.0,302.0,294.0,301.0,4480000
2012-05-21,216.247,297.5,302.0,295.0,299.0,2139000
2012-05-22,217.701,299.5,304.0,298.5,304.0,2184000
2012-05-23,206.071,283.5,290.0,279.0,289.5,11673000
2012-05-24,206.071,283.5,286.0,280.5,284.0,6066000
2012-05-25,207.888,286.0,288.0,283.5,288.0,3592000
2012-05-28,208.252,286.5,290.0,283.0,290.0,2030000
2012-05-29,222.78900000000002,306.5,306.5,284.0,286.5,5924000
2012-05-30,219.518,302.0,304.0,298.5,303.0,7005000
2012-05-31,217.338,299.0,301.0,293.5,298.0,4886000
2012-06-01,207.888,286.0,297.0,286.0,295.0,3733000
2012-06-04,204.25400000000002,281.0,284.0,272.0,272.0,3331000
2012-06-05,211.523,291.0,296.0,287.0,292.0,5767000
2012-06-06,216.97400000000002,298.5,300.0,293.5,298.0,4417000
2012-06-07,211.523,291.0,303.0,291.0,303.0,4050000
2012-06-08,208.615,287.0,294.0,287.0,293.5,3203000
2012-06-11,212.976,293.0,301.0,287.0,300.0,6631000
2012-06-12,210.43200000000002,289.5,291.5,288.0,288.0,4642000
2012-06-13,212.613,292.5,296.5,291.5,291.5,3674000
2012-06-14,211.15900000000002,290.5,298.0,290.5,298.0,2488000
2012-06-15,210.06900000000002,289.0,295.0,289.0,292.5,4278000
2012-06-18,215.88400000000001,297.0,298.0,291.0,297.0,3253000
2012-06-19,216.611,298.0,301.0,297.0,301.0,2871000
2012-06-20,216.97400000000002,298.5,302.0,294.0,300.0,3198000
2012-06-21,214.43,295.0,300.0,292.0,300.0,3622000
2012-06-22,204.61700000000002,281.5,287.5,279.0,285.0,9274000
2012-06-25,200.25599999999997,275.5,280.0,275.0,277.0,5943000
2012-06-26,199.893,275.0,277.5,272.5,272.5,3974000
2012-06-27,204.981,282.0,282.5,277.5,277.5,3902000
2012-06-28,196.25799999999998,270.0,284.0,269.5,284.0,7687000
2012-06-29,197.34900000000002,271.5,273.5,267.0,270.0,6485000
2012-07-02,199.166,274.0,274.5,270.5,272.0,3865000
2012-07-03,202.07299999999998,278.0,278.0,271.0,273.0,3903000
2012-07-04,201.71,277.5,283.0,276.0,282.5,5376000
2012-07-05,203.52700000000002,280.0,280.5,276.5,280.0,2150000
2012-07-06,200.61900000000003,276.0,280.0,273.0,280.0,2702000
2012-07-09,192.62400000000002,265.0,276.0,265.0,272.0,6293000
2012-07-10,192.62400000000002,265.0,270.0,264.0,267.0,5999000
2012-07-11,192.62400000000002,265.0,266.5,262.5,263.0,5217000
2012-07-12,188.62599999999998,259.5,263.0,256.5,263.0,8439000
2012-07-13,190.08,261.5,262.0,257.0,257.5,3470000
2012-07-16,191.17,263.0,264.5,260.5,262.0,2533000
2012-07-17,194.804,268.0,268.0,263.5,265.5,3236000
2012-07-18,188.989,260.0,267.0,260.0,266.0,4773000
2012-07-19,195.168,268.5,268.5,262.0,264.5,3740000
2012-07-20,196.25799999999998,270.0,270.0,265.0,265.0,1830000
2012-07-23,193.351,266.0,267.5,260.5,267.5,2844000
2012-07-24,191.89700000000002,264.0,266.0,261.5,261.5,1977000
2012-07-25,194.44099999999997,267.5,271.0,260.5,261.0,4085000
2012-07-26,195.895,269.5,271.0,266.5,270.0,3737000
2012-07-27,203.52700000000002,280.0,280.0,272.0,272.0,4546000
2012-07-30,202.8,279.0,281.0,277.0,280.0,1939000
2012-07-31,202.437,278.5,281.0,276.5,278.0,3478000
2012-08-01,205.708,283.0,284.0,277.5,278.5,3797000
2012-08-02,205.708,283.0,283.0,283.0,283.0,0
2012-08-03,200.61900000000003,276.0,280.0,273.5,278.0,4436000
2012-08-06,200.983,276.5,283.0,275.0,283.0,2820000
2012-08-07,202.437,278.5,279.5,276.5,279.5,3933000
2012-08-08,210.105,274.0,274.0,266.0,267.0,6580000
2012-08-09,212.405,277.0,279.0,272.5,274.0,5917000
2012-08-10,211.638,276.0,277.0,272.0,273.5,4925000
2012-08-13,213.93900000000002,279.0,281.0,276.5,281.0,4928000
2012-08-14,220.84,288.0,289.5,278.5,280.0,6897000
2012-08-15,218.54,285.0,292.5,284.5,289.5,4190000
2012-08-16,225.44099999999997,294.0,295.0,288.0,288.5,4819000
2012-08-17,222.37400000000002,290.0,294.0,288.5,292.0,3192000
2012-08-20,218.923,285.5,290.0,284.5,288.0,1642000
2012-08-21,220.457,287.5,289.5,286.0,287.0,2130000
2012-08-22,222.37400000000002,290.0,290.0,286.5,287.0,2060000
2012-08-23,222.37400000000002,290.0,293.0,287.5,288.0,2234000
2012-08-24,215.472,281.0,287.0,276.5,287.0,7755000
2012-08-27,214.322,279.5,281.5,277.0,279.0,2106000
2012-08-28,208.571,272.0,278.5,272.0,278.0,3254000
2012-08-29,211.255,275.5,277.0,271.0,272.5,3165000
2012-08-30,225.824,294.5,294.5,294.0,294.0,8775000
2012-08-31,229.275,299.0,302.0,298.0,299.5,9515000
2012-09-03,231.575,302.0,302.0,296.5,300.0,3260000
2012-09-04,232.726,303.5,304.0,300.5,303.0,2275000
2012-09-05,228.891,298.5,303.0,298.0,303.0,2743000
2012-09-06,226.208,295.0,300.0,294.5,300.0,1782000
2012-09-07,233.109,304.0,305.0,299.5,303.0,4692000
2012-09-10,231.575,302.0,304.0,299.5,303.0,2972000
2012-09-11,228.891,298.5,303.0,298.5,302.0,1665000
2012-09-12,234.643,306.0,307.5,300.0,300.5,4062000
2012-09-13,241.544,315.0,318.0,304.0,306.0,6342000
2012-09-14,241.544,315.0,324.5,314.5,318.0,4841000
2012-09-17,243.84400000000002,318.0,321.5,312.0,312.0,3557000
2012-09-18,243.077,317.0,320.0,313.5,318.5,2746000
2012-09-19,243.46099999999998,317.5,320.0,315.5,318.0,3136000
2012-09-20,240.77700000000002,314.0,317.5,312.0,317.5,2045000
2012-09-21,236.176,308.0,313.0,306.5,310.0,3918000
2012-09-24,236.94299999999998,309.0,313.5,306.5,310.5,3203000
2012-09-25,241.92700000000002,315.5,317.0,312.0,312.0,3575000
2012-09-26,240.01,313.0,316.5,312.5,314.0,2444000
2012-09-27,244.99400000000003,319.5,320.0,314.0,317.0,4918000
2012-09-28,244.22799999999998,318.5,322.0,314.5,320.0,2762000
2012-10-01,241.92700000000002,315.5,318.0,314.0,317.0,1465000
2012-10-02,240.01,313.0,317.5,312.0,316.0,2432000
2012-10-03,239.243,312.0,317.0,312.0,312.0,1593000
2012-10-04,236.56,308.5,313.0,304.5,312.0,3757000
2012-10-05,234.643,306.0,310.0,305.5,309.0,2426000
2012-10-08,235.40900000000002,307.0,310.0,306.0,310.0,2879000
2012-10-09,230.042,300.0,310.0,297.0,310.0,4487000
2012-10-10,230.042,300.0,300.0,300.0,300.0,0
2012-10-11,222.757,290.5,292.0,286.5,289.5,5317000
2012-10-12,226.208,295.0,298.0,288.0,288.0,4084000
2012-10-15,227.358,296.5,297.0,293.0,295.0,2617000
2012-10-16,230.042,300.0,300.0,296.5,298.0,2805000
2012-10-17,230.80900000000003,301.0,304.5,298.0,304.5,2644000
2012-10-18,226.208,295.0,298.5,290.0,295.0,3866000
2012-10-19,233.49200000000002,304.5,304.5,291.0,295.0,4394000
2012-10-22,233.87599999999998,305.0,306.5,298.0,298.5,3021000
2012-10-23,234.25900000000001,305.5,307.5,300.0,305.0,2995000
2012-10-24,232.342,303.0,306.5,302.0,303.0,2175000
2012-10-25,237.71,310.0,314.0,305.0,306.0,4531000
2012-10-26,237.326,309.5,315.5,309.0,312.5,3263000
2012-10-29,240.01,313.0,315.0,310.0,311.0,3421000
2012-10-30,243.46099999999998,317.5,319.5,312.0,315.0,5516000
2012-10-31,240.01,313.0,327.0,312.0,324.5,6936000
2012-11-01,240.01,313.0,315.0,310.5,314.0,3218000
2012-11-02,235.793,307.5,314.0,307.5,314.0,5014000
2012-11-05,238.093,310.5,311.0,308.0,308.0,1925000
2012-11-06,240.01,313.0,313.0,308.5,313.0,1765000
2012-11-07,240.77700000000002,314.0,314.5,310.0,313.0,2300000
2012-11-08,239.243,312.0,313.5,309.0,310.0,2788000
2012-11-09,245.761,320.5,323.5,313.0,315.0,6911000
2012-11-12,243.46099999999998,317.5,321.5,317.5,320.5,2498000
2012-11-13,241.544,315.0,316.5,311.5,313.5,2608000
2012-11-14,240.77700000000002,314.0,318.5,310.0,314.0,2697000
2012-11-15,238.477,311.0,315.5,308.5,314.5,3352000
2012-11-16,236.56,308.5,314.0,307.0,314.0,2988000
2012-11-19,235.793,307.5,311.5,307.5,309.0,2568000
2012-11-20,236.176,308.0,311.0,308.0,310.0,1617000
2012-11-21,237.71,310.0,310.0,305.5,309.5,2510000
2012-11-22,240.77700000000002,314.0,314.0,311.5,312.0,2143000
2012-11-23,243.84400000000002,318.0,319.5,314.0,316.0,5716000
2012-11-26,243.077,317.0,321.5,317.0,319.5,2928000
2012-11-27,239.627,312.5,319.5,311.5,319.5,4085000
2012-11-28,239.627,312.5,315.0,311.5,314.5,2578000
2012-11-29,241.92700000000002,315.5,318.5,314.0,317.0,3749000
2012-11-30,245.761,320.5,323.0,314.5,317.0,6751000
2012-12-03,244.22799999999998,318.5,321.5,317.0,321.0,3525000
2012-12-04,245.378,320.0,323.0,318.5,320.0,5795000
2012-12-05,243.84400000000002,318.0,320.0,317.0,319.5,3326000
2012-12-06,240.01,313.0,320.0,313.0,319.0,3671000
2012-12-07,241.16,314.5,315.0,312.0,313.0,2746000
2012-12-10,240.01,313.0,315.5,311.5,315.0,2393000
2012-12-11,240.394,313.5,317.0,311.0,315.0,4743000
2012-12-12,245.378,320.0,323.0,314.0,316.5,6638000
2012-12-13,256.496,334.5,338.0,324.0,324.0,10601000
2012-12-14,256.88,335.0,342.0,335.0,337.0,6036000
2012-12-17,256.496,334.5,337.5,329.5,337.0,4910000
2012-12-18,257.263,335.5,338.0,332.0,334.5,4428000
2012-12-19,251.512,328.0,338.0,325.5,337.5,3745000
2012-12-20,249.21200000000002,325.0,329.5,322.0,328.0,3351000
2012-12-21,245.761,320.5,327.0,320.5,326.0,2899000
2012-12-24,244.611,319.0,325.0,317.0,324.0,2076000
2012-12-25,248.445,324.0,324.0,319.0,320.0,1225000
2012-12-26,247.678,323.0,324.5,320.0,324.0,1352000
2012-12-27,247.678,323.0,324.0,320.5,321.0,1519000
2012-12-28,250.362,326.5,326.5,323.5,325.0,2455000
2012-12-31,250.362,326.5,326.5,326.5,326.5,0
2013-01-01,250.362,326.5,326.5,326.5,326.5,0
2013-01-02,251.896,328.5,329.0,324.5,328.0,1396000
2013-01-03,250.362,326.5,329.0,325.0,325.5,3255000
2013-01-04,244.99400000000003,319.5,326.0,316.5,326.0,4741000
2013-01-07,244.611,319.0,319.5,317.5,317.5,2095000
2013-01-08,249.21200000000002,325.0,325.0,319.5,324.0,3234000
2013-01-09,246.145,321.0,326.0,318.5,325.5,5012000
2013-01-10,255.34599999999998,333.0,333.0,322.5,324.5,6455000
2013-01-11,256.88,335.0,337.0,326.0,330.5,4807000
2013-01-14,255.34599999999998,333.0,335.0,328.0,335.0,1905000
2013-01-15,252.27900000000002,329.0,334.0,323.5,333.0,4263000
2013-01-16,246.91099999999997,322.0,328.0,322.0,328.0,1892000
2013-01-17,248.062,323.5,326.5,323.5,324.5,2343000
2013-01-18,253.046,330.0,332.0,327.0,329.0,3093000
2013-01-21,256.88,335.0,337.0,327.0,328.0,2506000
2013-01-22,258.414,337.0,338.0,334.5,337.0,2120000
2013-01-23,254.963,332.5,337.0,332.0,337.0,1193000
2013-01-24,256.88,335.0,336.0,330.5,332.0,1427000
2013-01-25,258.797,337.5,339.0,334.0,337.5,2846000
2013-01-28,259.947,339.0,341.0,336.5,340.0,1582000
2013-01-29,260.714,340.0,341.5,338.0,340.0,2675000
2013-01-30,257.263,335.5,343.0,334.5,341.0,2211000
2013-01-31,259.18,338.0,339.5,334.0,334.0,2480000
2013-02-01,261.097,340.5,341.0,336.0,340.0,2183000
2013-02-04,263.781,344.0,344.5,338.0,340.0,3182000
2013-02-05,266.082,347.0,349.0,343.0,344.5,4561000
2013-02-06,272.983,356.0,363.0,349.0,349.5,5271000
2013-02-07,272.983,356.0,356.0,356.0,356.0,0
2013-02-08,272.983,356.0,356.0,356.0,356.0,0
2013-02-11,272.983,356.0,356.0,356.0,356.0,0
2013-02-12,272.983,356.0,356.0,356.0,356.0,0
2013-02-13,272.983,356.0,356.0,356.0,356.0,0
2013-02-14,272.983,356.0,356.0,356.0,356.0,0
2013-02-15,272.983,356.0,356.0,356.0,356.0,0
2013-02-18,276.05,360.0,361.5,353.0,356.5,4875000
2013-02-19,272.216,355.0,360.0,354.0,358.0,2523000
2013-02-20,272.599,355.5,358.5,352.5,357.0,2389000
2013-02-21,270.29900000000004,352.5,355.5,350.0,355.5,3159000
2013-02-22,270.29900000000004,352.5,356.0,351.0,355.0,2254000
2013-02-25,268.382,350.0,353.0,348.5,351.5,2898000
2013-02-26,267.615,349.0,353.0,347.0,350.0,2349000
2013-02-27,276.05,360.0,363.0,352.0,352.5,4952000
2013-02-28,276.05,360.0,360.0,360.0,360.0,0
2013-03-01,281.034,366.5,369.5,360.0,360.0,4394000
2013-03-04,281.801,367.5,375.0,366.5,369.0,3855000
2013-03-05,289.086,377.0,382.0,368.0,370.0,4579000
2013-03-06,282.184,368.0,379.0,368.0,379.0,3749000
2013-03-07,273.366,356.5,367.5,356.0,366.5,5187000
2013-03-08,271.83299999999997,354.5,363.0,353.0,354.5,6202000
2013-03-11,268.382,350.0,358.5,350.0,355.5,6197000
2013-03-12,269.916,352.0,354.0,349.0,350.5,4592000
2013-03-13,264.548,345.0,354.0,345.0,354.0,2723000
2013-03-14,266.848,348.0,351.0,344.5,349.5,2983000
2013-03-15,266.082,347.0,350.5,345.5,348.0,2534000
2013-03-18,263.014,343.0,351.0,343.0,346.0,3664000
2013-03-19,270.682,353.0,353.0,345.5,349.0,3471000
2013-03-20,269.916,352.0,353.0,349.5,352.0,2860000
2013-03-21,269.916,352.0,355.5,352.0,355.0,2204000
2013-03-22,265.698,346.5,354.5,345.0,354.5,2746000
2013-03-25,265.698,346.5,351.0,346.0,351.0,1495000
2013-03-26,270.682,353.0,354.0,347.0,351.0,3047000
2013-03-27,275.66700000000003,359.5,359.5,353.0,355.0,2410000
2013-03-28,272.599,355.5,362.5,354.5,361.0,3283000
2013-03-29,274.133,357.5,358.5,355.0,358.5,1825000
2013-04-01,272.216,355.0,358.0,355.0,358.0,950000
2013-04-02,268.382,350.0,356.0,347.0,356.0,2419000
2013-04-03,267.999,349.5,352.5,347.0,348.0,1715000
2013-04-04,267.999,349.5,349.5,349.5,349.5,0
2013-04-05,267.999,349.5,349.5,349.5,349.5,0
2013-04-08,260.33099999999996,339.5,346.0,334.0,345.0,5585000
2013-04-09,260.714,340.0,345.0,340.0,345.0,4560000
2013-04-10,261.481,341.0,343.5,339.0,340.0,4172000
2013-04-11,263.781,344.0,346.5,342.5,345.0,3973000
2013-04-12,249.21200000000002,325.0,340.0,320.5,340.0,9545000
2013-04-15,237.71,310.0,318.5,304.5,318.5,10946000
2013-04-16,246.91099999999997,322.0,324.0,306.0,306.0,7117000
2013-04-17,249.979,326.0,331.0,324.0,328.0,6778000
2013-04-18,248.445,324.0,326.5,320.0,321.0,4235000
2013-04-19,251.896,328.5,329.0,322.0,324.0,3801000
2013-04-22,253.046,330.0,330.5,328.0,330.0,2762000
2013-04-23,256.496,334.5,335.5,326.0,328.0,3660000
2013-04-24,255.73,333.5,337.0,332.0,335.0,2549000
2013-04-25,256.88,335.0,335.0,329.5,331.0,2152000
2013-04-26,249.21200000000002,325.0,335.0,325.0,335.0,3272000
2013-04-29,254.196,331.5,332.0,326.0,328.0,2239000
2013-04-30,263.39799999999997,343.5,344.0,333.5,334.0,5226000
2013-05-01,263.39799999999997,343.5,343.5,343.5,343.5,0
2013-05-02,262.631,342.5,345.0,340.0,343.5,2433000
2013-05-03,264.548,345.0,350.0,343.5,347.0,2568000
2013-05-06,274.9,358.5,358.5,346.0,347.0,3649000
2013-05-07,267.615,349.0,358.5,348.5,358.5,4843000
2013-05-08,266.848,348.0,352.0,345.5,348.5,3056000
2013-05-09,267.615,349.0,350.0,346.0,350.0,1309000
2013-05-10,265.315,346.0,350.0,344.0,347.0,1396000
2013-05-13,259.947,339.0,344.5,337.5,344.5,2263000
2013-05-14,258.03,336.5,341.5,336.5,340.5,1716000
2013-05-15,260.714,340.0,342.0,336.5,338.0,2227000
2013-05-16,266.082,347.0,348.0,341.0,344.5,2379000
2013-05-17,270.682,353.0,354.0,346.0,349.0,3519000
2013-05-20,266.848,348.0,351.0,346.5,350.0,1668000
2013-05-21,267.232,348.5,353.5,347.0,350.0,2231000
2013-05-22,266.465,347.5,358.0,347.0,352.5,2639000
2013-05-23,264.548,345.0,351.0,345.0,348.0,1841000
2013-05-24,261.86400000000003,341.5,349.0,341.5,349.0,1548000
2013-05-27,264.548,345.0,345.5,341.0,341.0,1090000
2013-05-28,263.014,343.0,346.5,342.5,346.0,1298000
2013-05-29,264.548,345.0,347.0,344.0,344.0,1495000
2013-05-30,264.548,345.0,345.5,342.5,344.0,2429000
2013-05-31,253.429,330.5,348.0,328.0,346.5,6378000
2013-06-03,249.979,326.0,330.0,324.0,327.0,3575000
2013-06-04,250.362,326.5,331.5,326.0,331.0,2653000
2013-06-05,249.595,325.5,326.5,324.0,326.0,1850000
2013-06-06,247.678,323.0,325.0,321.5,324.0,3719000
2013-06-07,241.16,314.5,323.0,308.5,322.0,6324000
2013-06-10,247.295,322.5,328.0,316.0,316.0,3731000
2013-06-11,240.77700000000002,314.0,319.0,311.5,318.0,5575000
2013-06-12,240.77700000000002,314.0,314.0,314.0,314.0,0
2013-06-13,225.05700000000002,293.5,306.0,292.5,306.0,14007000
2013-06-14,223.907,292.0,295.5,286.0,295.0,8465000
2013-06-17,226.97400000000002,296.0,297.5,293.0,293.0,4497000
2013-06-18,231.575,302.0,306.0,296.0,297.0,5200000
2013-06-19,228.50799999999998,298.0,302.0,297.5,301.5,4740000
2013-06-20,227.74099999999999,297.0,300.5,293.5,293.5,3745000
2013-06-21,231.959,302.5,311.0,290.0,290.5,6887000
2013-06-24,223.14,291.0,301.0,291.0,300.0,5554000
2013-06-25,220.07299999999998,287.0,293.0,283.5,291.0,6381000
2013-06-26,220.84,288.0,293.0,281.5,290.0,7416000
2013-06-27,208.955,272.5,281.5,268.5,280.0,12986000
2013-06-28,197.83599999999998,258.0,264.5,256.0,264.0,21222000
2013-07-01,203.97,266.0,269.0,257.5,259.0,16407000
2013-07-02,198.986,259.5,270.0,259.5,268.0,13845000
2013-07-03,195.535,255.0,261.0,251.5,261.0,12055000
2013-07-04,196.68599999999998,256.5,257.0,253.0,257.0,5565000
2013-07-05,202.437,264.0,264.0,255.5,258.0,5239000
2013-07-08,198.60299999999998,259.0,265.0,255.5,265.0,6953000
2013-07-09,200.136,261.0,262.0,257.0,261.5,3826000
2013-07-10,200.903,262.0,262.0,258.5,261.0,5658000
2013-07-11,201.28599999999997,262.5,264.0,261.0,264.0,8820000
2013-07-12,206.271,269.0,269.0,259.0,262.5,5746000
2013-07-15,209.338,273.0,273.0,267.0,268.0,5251000
2013-07-16,212.78900000000002,277.5,279.0,273.0,276.0,6488000
2013-07-17,208.955,272.5,277.5,270.5,277.5,5627000
2013-07-18,202.437,264.0,270.5,262.5,270.0,6612000
2013-07-19,205.887,268.5,268.5,259.0,260.0,5992000
2013-07-22,205.12099999999998,267.5,271.0,266.0,268.5,2482000
2013-07-23,210.872,275.0,275.0,269.0,270.0,4207000
2013-07-24,210.872,275.0,275.5,271.0,275.0,3282000
2013-07-25,211.255,275.5,278.5,274.0,274.0,2336000
2013-07-26,210.872,275.0,279.0,273.0,278.0,3317000
2013-07-29,204.737,267.0,275.0,265.5,275.0,4803000
2013-07-30,206.271,269.0,269.0,262.5,267.0,4469000
2013-07-31,200.903,262.0,269.0,261.0,268.5,4689000
2013-08-01,192.468,251.0,259.0,248.5,258.5,9679000
2013-08-02,192.852,251.5,254.0,249.0,250.0,5238000
2013-08-05,189.78400000000002,247.5,250.0,245.5,250.0,6357000
2013-08-06,192.852,251.5,252.0,245.5,246.5,5965000
2013-08-07,189.018,246.5,251.0,246.5,248.0,6486000
2013-08-08,187.06599999999997,225.0,229.5,225.0,227.5,6757000
2013-08-09,182.078,219.0,224.0,217.5,224.0,9543000
2013-08-12,190.80700000000002,229.5,230.0,220.0,221.0,8618000
2013-08-13,194.549,234.0,234.5,229.5,230.5,5562000
2013-08-14,194.549,234.0,235.5,231.0,235.5,3726000
2013-08-15,199.537,240.0,240.5,230.5,233.0,5109000
2013-08-16,202.447,243.5,243.5,239.0,239.0,4890000
2013-08-19,202.03099999999998,243.0,245.0,240.5,243.5,3321000
2013-08-20,202.447,243.5,246.5,241.0,242.0,3834000
2013-08-21,202.447,243.5,243.5,243.5,243.5,0
2013-08-22,192.47,231.5,239.0,230.0,236.5,6878000
2013-08-23,195.796,235.5,236.0,231.0,232.0,3268000
2013-08-26,194.13299999999998,233.5,237.5,233.0,237.5,1401000
2013-08-27,194.96400000000003,234.5,235.5,233.0,233.0,1533000
2013-08-28,194.13299999999998,233.5,234.0,230.0,232.0,1812000
2013-08-29,197.87400000000002,238.0,240.0,234.5,235.0,2513000
2013-08-30,198.29,238.5,241.5,237.0,239.0,2581000
2013-09-02,197.043,237.0,242.0,237.0,238.5,1611000
2013-09-03,200.36900000000003,241.0,242.0,240.0,241.0,1938000
2013-09-04,198.706,239.0,241.5,237.5,239.0,3540000
2013-09-05,203.278,244.5,244.5,237.5,240.0,3683000
2013-09-06,199.12099999999998,239.5,246.0,238.5,246.0,3012000
2013-09-09,198.706,239.0,240.5,236.0,240.0,2784000
2013-09-10,202.03099999999998,243.0,245.0,240.5,245.0,2724000
2013-09-11,199.537,240.0,241.5,237.5,240.0,2828000
2013-09-12,199.12099999999998,239.5,240.0,237.5,240.0,2220000
2013-09-13,197.459,237.5,241.0,237.0,239.5,2274000
2013-09-16,195.38,235.0,237.5,234.0,235.0,2817000
2013-09-17,196.21099999999998,236.0,236.0,231.0,235.0,3243000
2013-09-18,199.537,240.0,240.0,235.0,236.5,2037000
2013-09-20,199.537,240.0,240.0,240.0,240.0,0
2013-09-23,199.537,240.0,241.5,239.5,241.0,1779000
2013-09-24,197.87400000000002,238.0,241.5,237.5,240.0,2448000
2013-09-25,197.87400000000002,238.0,239.0,237.0,238.0,2116000
2013-09-26,197.87400000000002,238.0,240.0,237.0,239.5,1974000
2013-09-27,198.706,239.0,241.0,238.5,239.5,2425000
2013-09-30,195.796,235.5,238.5,235.0,237.5,3410000
2013-10-01,195.38,235.0,236.5,234.5,235.0,2171000
2013-10-02,190.80700000000002,229.5,235.0,229.0,234.5,4446000
2013-10-03,191.639,230.5,231.0,226.5,228.0,2992000
2013-10-04,194.96400000000003,234.5,235.0,230.0,232.5,2540000
2013-10-07,191.639,230.5,234.0,230.5,234.0,2168000
2013-10-08,195.38,235.0,235.0,230.5,233.0,1805000
2013-10-09,192.47,231.5,234.5,231.5,233.0,1918000
2013-10-10,192.47,231.5,231.5,231.5,231.5,0
2013-10-11,184.572,222.0,235.5,220.0,234.5,6841000
2013-10-14,173.764,209.0,220.0,206.5,220.0,13819000
2013-10-15,175.426,211.0,211.0,204.0,209.0,8175000
2013-10-16,173.764,209.0,211.5,208.0,211.5,2302000
2013-10-17,178.752,215.0,217.0,210.0,211.0,6736000
2013-10-18,184.572,222.0,222.0,216.5,219.0,4789000
2013-10-21,181.24599999999998,218.0,222.0,217.5,222.0,3348000
2013-10-22,186.65,224.5,225.0,216.5,217.5,3598000
2013-10-23,182.90900000000002,220.0,222.0,213.5,218.5,5985000
2013-10-24,186.235,224.0,224.0,216.0,218.0,3211000
2013-10-25,189.145,227.5,229.5,221.0,223.0,4558000
2013-10-28,191.22299999999998,230.0,232.5,228.5,231.0,3095000
2013-10-29,190.80700000000002,229.5,232.0,226.5,231.5,2124000
2013-10-30,191.22299999999998,230.0,231.0,228.0,231.0,1551000
2013-10-31,187.06599999999997,225.0,230.0,224.5,230.0,2791000
2013-11-01,195.38,235.0,236.0,228.5,228.5,7115000
2013-11-04,197.459,237.5,238.0,233.0,235.0,4885000
2013-11-05,194.549,234.0,239.5,233.5,239.0,3223000
2013-11-06,194.549,234.0,235.0,231.0,234.0,4062000
2013-11-07,189.56,228.0,234.0,227.0,232.0,3978000
2013-11-08,187.06599999999997,225.0,226.0,222.0,226.0,4496000
2013-11-11,187.89700000000002,226.0,228.5,222.0,222.0,3964000
2013-11-12,188.729,227.0,231.0,226.0,228.0,3978000
2013-11-13,185.403,223.0,228.5,222.5,228.5,3377000
2013-11-14,187.06599999999997,225.0,228.0,223.5,227.0,4463000
2013-11-15,189.56,228.0,228.0,224.5,227.5,3306000
2013-11-18,194.96400000000003,234.5,234.5,228.0,230.0,4147000
2013-11-19,197.043,237.0,237.5,234.5,235.5,4191000
2013-11-20,197.459,237.5,240.0,236.0,237.5,3392000
2013-11-21,197.043,237.0,238.5,234.0,238.0,4034000
2013-11-22,202.447,243.5,245.0,238.0,238.0,5859000
2013-11-25,204.11,245.5,245.5,243.0,244.0,4572000
2013-11-26,204.11,245.5,245.5,242.0,245.5,2506000
2013-11-27,207.435,249.5,250.0,244.5,245.5,3996000
2013-11-28,210.761,253.5,254.0,251.0,252.0,4345000
2013-11-29,216.581,260.5,262.0,253.5,255.0,6324000
2013-12-02,215.334,259.0,262.5,256.0,261.5,3201000
2013-12-03,224.895,270.5,272.0,258.5,259.0,6239000
2013-12-04,219.49099999999999,264.0,268.0,263.0,267.0,4133000
2013-12-05,219.907,264.5,269.5,263.0,268.0,3306000
2013-12-06,221.15400000000002,266.0,267.5,261.0,264.5,4932000
2013-12-09,221.56900000000002,266.5,268.0,264.5,266.0,4584000
2013-12-10,220.738,265.5,270.0,262.5,269.0,3587000
2013-12-11,217.412,261.5,266.5,261.0,263.0,2443000
2013-12-12,217.412,261.5,264.5,259.0,261.5,2551000
2013-12-13,218.65900000000002,263.0,264.5,261.0,262.0,2492000
2013-12-16,220.322,265.0,265.5,261.0,263.0,2578000
2013-12-17,230.715,277.5,277.5,266.0,267.0,6854000
2013-12-18,225.31099999999998,271.0,276.0,269.5,275.5,5460000
2013-12-19,225.31099999999998,271.0,277.5,270.0,275.0,3178000
2013-12-20,227.805,274.0,274.0,263.5,269.0,5712000
2013-12-23,221.985,267.0,278.5,267.0,274.0,3060000
2013-12-24,221.56900000000002,266.5,269.0,266.0,267.0,1665000
2013-12-25,220.322,265.0,268.0,265.0,265.0,1276000
2013-12-26,221.985,267.0,268.5,266.0,267.0,1605000
2013-12-27,222.81599999999997,268.0,269.5,267.0,267.0,1740000
2013-12-30,225.726,271.5,271.5,268.0,268.0,2414000
2013-12-31,222.81599999999997,268.0,273.0,267.5,271.5,2212000
2014-01-01,222.81599999999997,268.0,268.0,268.0,268.0,0
2014-01-02,224.479,270.0,272.5,268.5,270.5,2087000
2014-01-03,224.479,270.0,270.5,267.0,269.0,2858000
2014-01-06,223.232,268.5,272.5,268.5,272.0,2053000
2014-01-07,224.479,270.0,273.0,269.0,270.0,2635000
2014-01-08,232.793,280.0,281.0,272.5,273.0,7059000
2014-01-09,231.96200000000002,279.0,285.0,276.5,280.0,4743000
2014-01-10,229.88299999999998,276.5,281.5,275.5,279.0,2506000
2014-01-13,240.27599999999998,289.0,289.0,279.5,280.0,6725000
2014-01-14,241.107,290.0,291.0,284.0,285.5,3813000
2014-01-15,239.02900000000002,287.5,291.5,286.0,290.0,3893000
2014-01-16,238.613,287.0,293.5,287.0,290.0,2914000
2014-01-17,237.782,286.0,288.5,284.0,287.0,2639000
2014-01-20,239.445,288.0,289.0,284.5,285.0,1786000
2014-01-21,238.613,287.0,289.5,285.0,289.0,2135000
2014-01-22,242.77,292.0,294.0,287.0,287.0,3946000
2014-01-23,242.77,292.0,295.0,291.0,294.0,3314000
2014-01-24,240.27599999999998,289.0,292.0,289.0,290.0,2130000
2014-01-27,234.456,282.0,286.0,280.0,285.0,4159000
2014-01-28,234.456,282.0,282.0,282.0,282.0,0
2014-01-29,234.456,282.0,282.0,282.0,282.0,0
2014-01-30,234.456,282.0,282.0,282.0,282.0,0
2014-01-31,234.456,282.0,282.0,282.0,282.0,0
2014-02-03,234.456,282.0,282.0,282.0,282.0,0
2014-02-05,232.378,279.5,279.5,270.0,270.0,5511000
2014-02-06,230.299,277.0,279.5,276.0,276.0,3318000
2014-02-07,232.793,280.0,281.0,277.0,277.0,3828000
2014-02-10,237.36599999999999,285.5,290.5,280.0,280.0,4108000
2014-02-11,236.11900000000003,284.0,285.0,281.5,285.0,2885000
2014-02-12,241.107,290.0,291.5,286.5,288.0,4598000
2014-02-13,239.445,288.0,293.0,285.0,285.0,3439000
2014-02-14,239.445,288.0,293.5,288.0,293.0,3067000
2014-02-17,237.782,286.0,291.5,284.0,290.0,3278000
2014-02-18,243.602,293.0,293.0,288.0,290.0,3518000
2014-02-19,250.668,301.5,302.0,291.5,294.0,6623000
2014-02-20,244.84900000000002,294.5,298.5,294.0,295.0,4878000
2014-02-21,246.09599999999998,296.0,298.5,295.0,296.0,3854000
2014-02-24,244.84900000000002,294.5,296.5,294.0,294.0,2401000
2014-02-25,243.18599999999998,292.5,297.0,292.5,295.0,2209000
2014-02-26,242.77,292.0,294.5,291.0,291.0,2434000
2014-02-27,242.354,291.5,295.5,291.5,295.5,2632000
2014-02-28,242.354,291.5,291.5,291.5,291.5,0
2014-03-03,239.86,288.5,294.0,286.0,291.0,4433000
2014-03-04,239.445,288.0,290.0,287.0,287.0,1439000
2014-03-05,235.28799999999998,283.0,290.5,283.0,290.5,3782000
2014-03-06,236.535,284.5,287.0,283.5,285.0,2366000
2014-03-07,239.02900000000002,287.5,291.5,286.0,286.0,2645000
2014-03-10,235.28799999999998,283.0,287.5,283.0,284.0,2442000
2014-03-11,237.782,286.0,291.0,286.0,287.0,2957000
2014-03-12,240.27599999999998,289.0,289.0,285.0,285.5,1893000
2014-03-13,239.86,288.5,294.0,288.5,293.0,3338000
2014-03-14,242.77,292.0,292.0,287.0,288.0,2120000
2014-03-17,244.433,294.0,294.0,288.5,288.5,1421000
2014-03-18,244.84900000000002,294.5,297.5,291.0,294.0,4035000
2014-03-19,241.93900000000002,291.0,297.0,288.5,296.5,3954000
2014-03-20,237.36599999999999,285.5,291.0,285.0,288.5,3234000
2014-03-21,238.197,286.5,290.5,284.0,289.5,4224000
2014-03-24,239.445,288.0,288.5,284.5,286.5,2401000
2014-03-25,243.18599999999998,292.5,294.0,289.0,290.0,3083000
2014-03-26,244.433,294.0,295.5,292.0,295.5,2401000
2014-03-27,244.433,294.0,297.0,292.0,295.0,3480000
2014-03-28,249.421,300.0,304.0,297.0,297.0,4591000
2014-03-31,250.668,301.5,302.0,298.5,301.0,3992000
2014-04-01,254.41,306.0,306.0,300.5,302.0,3976000
2014-04-02,255.24099999999999,307.0,307.5,303.0,307.0,2819000
2014-04-03,252.331,303.5,308.5,302.0,308.5,2211000
2014-04-04,252.331,303.5,303.5,303.5,303.5,0
2014-04-07,257.735,310.0,310.0,300.0,304.5,4915000
2014-04-08,258.983,311.5,314.5,306.5,310.0,4461000
2014-04-09,258.151,310.5,313.5,308.0,313.5,3338000
2014-04-10,254.41,306.0,311.5,302.5,311.0,3679000
2014-04-11,254.41,306.0,306.0,301.0,303.5,2585000
2014-04-14,254.41,306.0,307.0,304.0,307.0,1038000
2014-04-15,252.331,303.5,308.5,303.5,308.0,2241000
2014-04-16,253.99400000000003,305.5,308.0,304.0,308.0,2157000
2014-04-17,257.735,310.0,310.0,305.5,307.0,2752000
2014-04-18,259.39799999999997,312.0,313.5,307.5,310.0,2530000
2014-04-21,260.645,313.5,314.0,308.5,313.0,1637000
2014-04-22,272.285,327.5,329.0,316.0,316.0,5317000
2014-04-23,276.858,333.0,333.0,326.0,329.0,5319000
2014-04-24,274.36400000000003,330.0,332.5,327.0,328.0,4338000
2014-04-25,272.70099999999996,328.0,339.0,327.5,330.0,5066000
2014-04-28,269.375,324.0,326.5,319.0,325.0,3861000
2014-04-29,270.207,325.0,331.0,323.5,324.0,4133000
2014-04-30,259.39799999999997,312.0,324.0,312.0,324.0,6934000
2014-05-01,259.39799999999997,312.0,312.0,312.0,312.0,0
2014-05-02,264.387,318.0,324.0,315.5,316.0,5401000
2014-05-05,272.285,327.5,330.0,320.5,321.0,4870000
2014-05-06,276.858,333.0,336.5,329.5,330.0,6745000
2014-05-07,275.611,331.5,334.0,328.5,333.0,5034000
2014-05-08,256.488,308.5,308.5,308.5,308.5,2676000
2014-05-09,243.18599999999998,292.5,303.5,292.0,302.0,12510000
2014-05-12,244.84900000000002,294.5,299.0,289.0,292.5,5650000
2014-05-13,245.264,295.0,299.0,295.0,299.0,2824000
2014-05-14,251.916,303.0,303.0,296.0,298.0,2898000
2014-05-15,256.904,309.0,310.0,301.5,302.5,4833000
2014-05-16,257.32,309.5,310.0,303.0,307.0,3385000
2014-05-19,254.41,306.0,310.5,306.0,310.5,1313000
2014-05-20,256.488,308.5,309.5,306.5,309.5,1890000
2014-05-21,253.578,305.0,310.0,305.0,309.0,917000
2014-05-22,259.814,312.5,314.0,307.0,309.5,2504000
2014-05-23,261.892,315.0,315.5,308.0,312.5,2073000
2014-05-26,263.14,316.5,320.0,313.0,317.0,2547000
2014-05-27,261.47700000000003,314.5,317.5,313.0,317.5,1441000
2014-05-28,269.375,324.0,330.0,315.0,318.5,4099000
2014-05-29,271.454,326.5,327.0,321.0,324.0,2264000
2014-05-30,275.195,331.0,331.0,324.0,329.0,5581000
2014-06-02,275.195,331.0,331.0,331.0,331.0,0
2014-06-03,272.285,327.5,329.0,320.5,328.5,4372000
2014-06-04,272.70099999999996,328.0,330.0,326.0,330.0,1819000
2014-06-05,270.207,325.0,327.5,322.5,325.0,3263000
2014-06-06,271.454,326.5,328.0,325.0,325.0,2514000
2014-06-09,270.622,325.5,328.0,325.0,328.0,1543000
2014-06-10,270.207,325.0,327.5,319.0,325.5,2756000
2014-06-11,270.207,325.0,328.0,323.0,328.0,1482000
2014-06-12,271.038,326.0,326.0,323.5,325.0,1027000
2014-06-13,267.297,321.5,326.5,321.0,325.0,2200000
2014-06-16,270.207,325.0,326.5,320.0,320.0,1431000
2014-06-17,268.54400000000004,323.0,325.0,321.0,322.5,1502000
2014-06-18,271.038,326.0,328.5,323.0,328.0,1685000
2014-06-19,273.116,328.5,328.5,324.0,326.0,1931000
2014-06-20,271.038,326.0,329.5,326.0,328.5,1891000
2014-06-23,271.038,326.0,327.5,324.5,327.5,831000
2014-06-24,271.038,326.0,326.5,324.5,326.0,1013000
2014-06-25,265.634,319.5,325.0,319.0,325.0,2589000
2014-06-26,271.869,327.0,327.0,320.5,324.0,1788000
2014-06-27,273.116,328.5,329.5,324.5,328.0,1828000
2014-06-30,276.858,333.0,333.5,328.5,328.5,1825000
2014-07-01,276.858,333.0,335.0,330.0,333.0,1590000
2014-07-02,276.858,333.0,337.5,326.0,333.0,2541000
2014-07-03,284.34,342.0,343.5,332.5,333.0,4056000
2014-07-04,288.082,346.5,351.0,339.0,342.0,4453000
2014-07-07,292.654,352.0,352.5,344.0,346.5,2492000
2014-07-08,284.34,342.0,346.0,327.5,327.5,7761000
2014-07-09,270.207,325.0,338.0,323.0,338.0,6736000
2014-07-10,272.285,327.5,333.5,324.5,327.5,4502000
2014-07-11,273.116,328.5,328.5,325.0,325.0,1186000
2014-07-14,271.038,326.0,330.0,325.0,330.0,1470000
2014-07-15,271.869,327.0,330.0,327.0,328.0,1342000
2014-07-16,272.285,327.5,329.5,326.5,327.0,1274000
2014-07-17,267.297,321.5,329.5,313.0,327.5,2321000
2014-07-18,268.54400000000004,323.0,326.0,319.5,320.0,1940000
2014-07-21,271.869,327.0,328.0,323.0,324.0,2118000
2014-07-22,273.948,329.5,330.0,325.0,327.5,1943000
2014-07-23,273.948,329.5,329.5,329.5,329.5,0
2014-07-24,277.689,334.0,338.0,330.5,335.0,1973000
2014-07-25,271.454,326.5,332.0,321.0,330.0,2120000
2014-07-28,270.622,325.5,329.0,325.0,327.0,1579000
2014-07-29,273.948,329.5,332.0,327.5,328.0,2188000
2014-07-30,273.116,328.5,330.0,326.5,330.0,1283000
2014-07-31,266.04900000000004,320.0,330.0,320.0,328.5,2854000
2014-08-01,266.465,320.5,323.0,320.0,320.0,1212000
2014-08-04,271.038,326.0,327.5,321.0,325.0,2019000
2014-08-05,263.971,317.5,326.0,317.5,326.0,3951000
2014-08-06,261.061,314.0,321.0,300.0,320.0,4837000
2014-08-07,258.151,310.5,320.0,309.0,320.0,2889000
2014-08-08,256.488,308.5,315.5,308.0,315.0,3256000
2014-08-11,259.595,292.5,296.0,291.0,295.0,3651000
2014-08-12,262.257,295.5,295.5,292.5,295.0,2597000
2014-08-13,263.145,296.5,297.0,294.0,296.0,2771000
2014-08-14,257.82,290.5,295.0,287.0,295.0,3021000
2014-08-15,257.82,290.5,291.0,289.0,291.0,1644000
2014-08-18,256.488,289.0,297.0,289.0,297.0,1698000
2014-08-19,260.926,294.0,294.5,291.0,292.0,2700000
2014-08-20,263.58799999999997,297.0,298.0,295.5,295.5,3146000
2014-08-21,262.70099999999996,296.0,297.0,293.0,294.0,2263000
2014-08-22,268.913,303.0,304.5,296.5,298.0,3615000
2014-08-25,265.363,299.0,304.0,299.0,304.0,1165000
2014-08-26,266.251,300.0,302.5,300.0,302.0,1349000
2014-08-27,271.57599999999996,306.0,307.5,304.5,305.0,3200000
2014-08-28,272.46299999999997,307.0,308.5,303.0,308.0,1962000
2014-08-29,277.788,313.0,328.0,312.0,312.0,4620000
2014-09-01,279.563,315.0,318.0,312.0,314.5,2180000
2014-09-02,274.682,309.5,316.0,309.5,315.5,1255000
2014-09-03,276.901,312.0,315.0,308.5,315.0,1285000
2014-09-04,278.676,314.0,314.5,309.0,314.0,1503000
2014-09-05,276.013,311.0,316.0,311.0,316.0,1640000
2014-09-08,276.013,311.0,311.0,311.0,311.0,0
2014-09-09,277.345,312.5,315.0,310.5,315.0,1057000
2014-09-10,276.901,312.0,314.5,309.5,314.5,1348000
2014-09-11,276.901,312.0,314.0,310.5,314.0,1270000
2014-09-12,272.907,307.5,312.0,307.5,312.0,1612000
2014-09-15,277.788,313.0,315.5,307.5,309.0,2657000
2014-09-16,270.688,305.0,312.0,303.0,310.0,1983000
2014-09-17,274.238,309.0,310.5,303.5,304.0,1192000
2014-09-18,273.351,308.0,311.0,306.0,306.0,1045000
2014-09-19,270.245,304.5,310.5,300.0,309.5,3487000
2014-09-22,260.482,293.5,304.0,293.0,304.0,4404000
2014-09-23,257.82,290.5,297.5,290.5,292.0,3556000
2014-09-24,259.595,292.5,294.0,290.0,290.5,1667000
2014-09-25,255.601,288.0,294.5,286.5,293.0,2855000
2014-09-26,251.607,283.5,288.0,280.0,288.0,2942000
2014-09-29,251.607,283.5,285.5,281.0,285.5,2233000
2014-09-30,257.376,290.0,291.5,284.0,285.5,2614000
2014-10-01,260.482,293.5,295.0,285.0,288.0,2377000
2014-10-02,261.813,295.0,295.0,291.0,294.0,1924000
2014-10-03,267.582,301.5,302.5,294.0,296.0,2582000
2014-10-06,268.913,303.0,305.5,298.0,303.0,2213000
2014-10-07,266.251,300.0,301.0,298.0,300.0,1597000
2014-10-08,264.032,297.5,302.5,296.0,297.0,1535000
2014-10-09,269.801,304.0,310.0,302.5,306.0,3018000
2014-10-10,269.801,304.0,304.0,304.0,304.0,0
2014-10-13,261.813,295.0,297.0,293.0,295.5,2723000
2014-10-14,268.026,302.0,303.0,295.0,295.0,3361000
2014-10-15,259.151,292.0,300.0,292.0,300.0,3306000
2014-10-16,260.482,293.5,296.5,288.0,289.0,3547000
2014-10-17,258.707,291.5,294.0,289.5,293.5,3307000
2014-10-20,259.151,292.0,296.5,292.0,293.0,1469000
2014-10-21,262.70099999999996,296.0,296.0,293.0,293.0,2132000
2014-10-22,262.257,295.5,297.0,294.5,297.0,2668000
2014-10-23,259.151,292.0,295.0,291.0,295.0,1692000
2014-10-24,259.595,292.5,293.5,291.0,293.0,1692000
2014-10-27,261.813,295.0,296.5,291.5,294.0,2202000
2014-10-28,263.58799999999997,297.0,301.5,295.0,298.0,2393000
2014-10-29,270.688,305.0,306.0,300.0,303.0,4752000
2014-10-30,269.801,304.0,305.0,301.0,305.0,1596000
2014-10-31,275.126,310.0,310.0,302.0,308.0,2433000
2014-11-03,276.901,312.0,312.0,307.5,312.0,2220000
2014-11-04,276.901,312.0,315.0,309.5,314.0,2451000
2014-11-05,273.795,308.5,314.0,308.0,314.0,1169000
2014-11-06,273.795,308.5,312.0,306.5,308.5,1918000
2014-11-07,271.57599999999996,306.0,309.5,301.0,308.0,1989000
2014-11-10,277.788,313.0,313.0,307.5,308.0,2059000
2014-11-11,284.001,320.0,320.0,315.0,317.0,3481000
2014-11-12,283.557,319.5,320.0,317.0,319.0,2249000
2014-11-13,281.33799999999997,317.0,326.0,314.0,321.0,2937000
2014-11-14,284.888,321.0,322.5,315.0,318.0,2402000
2014-11-17,286.663,323.0,324.0,319.5,323.0,2549000
2014-11-18,288.438,325.0,325.0,322.5,323.0,2017000
2014-11-19,292.876,330.0,330.0,321.0,325.0,5392000
2014-11-20,294.651,332.0,335.0,330.0,330.0,3615000
2014-11-21,296.87,334.5,337.0,333.0,333.0,5066000
2014-11-24,298.20099999999996,336.0,338.0,332.0,337.0,4326000
2014-11-25,294.651,332.0,336.0,329.5,336.0,4534000
2014-11-26,294.651,332.0,334.5,328.5,328.5,2639000
2014-11-27,297.313,335.0,336.5,333.5,335.0,2385000
2014-11-28,299.08799999999997,337.0,337.5,334.0,337.0,2612000
2014-12-01,299.976,338.0,338.0,331.5,335.0,2606000
2014-12-02,295.538,333.0,337.5,332.0,337.5,2475000
2014-12-03,311.514,351.0,352.0,338.0,338.0,6223000
2014-12-04,313.289,353.0,358.0,349.5,353.5,2966000
2014-12-05,309.295,348.5,353.0,347.5,353.0,2103000
2014-12-08,307.07599999999996,346.0,353.0,343.5,353.0,1772000
2014-12-09,303.526,342.0,350.0,340.0,348.0,2509000
2014-12-10,299.532,337.5,343.0,336.0,342.0,2297000
2014-12-11,304.413,343.0,345.0,335.0,337.5,2062000
2014-12-12,307.52,346.5,348.0,342.0,346.0,2580000
2014-12-15,302.195,340.5,344.5,338.5,344.5,3379000
2014-12-16,302.638,341.0,344.5,340.5,343.0,1997000
2014-12-17,296.426,334.0,342.5,333.0,342.5,3546000
2014-12-18,294.207,331.5,337.5,331.0,337.0,2363000
2014-12-19,298.20099999999996,336.0,337.5,334.0,337.0,1567000
2014-12-22,297.313,335.0,336.0,333.0,335.0,1048000
2014-12-23,301.751,340.0,340.0,335.0,335.0,1023000
2014-12-24,299.08799999999997,337.0,340.5,336.0,340.0,1186000
2014-12-25,299.532,337.5,340.0,337.5,339.5,359000
2014-12-26,299.976,338.0,338.0,335.0,337.5,418000
2014-12-29,306.632,345.5,347.0,337.0,340.0,1734000
2014-12-30,304.413,343.0,349.0,343.0,346.0,1576000
2014-12-31,307.52,346.5,347.5,342.0,343.0,686000
2015-01-01,307.52,346.5,346.5,346.5,346.5,0
2015-01-02,307.52,346.5,346.5,346.5,346.5,0
2015-01-05,305.745,344.5,344.5,339.0,341.5,1455000
2015-01-06,302.638,341.0,343.0,338.0,341.5,2117000
2015-01-07,299.976,338.0,341.0,336.0,340.0,2692000
2015-01-08,308.851,348.0,348.0,340.0,343.0,2389000
2015-01-09,304.413,343.0,359.0,343.0,351.0,2593000
2015-01-12,295.538,333.0,343.0,333.0,338.0,3657000
2015-01-13,295.538,333.0,335.5,328.5,330.0,2347000
2015-01-14,281.33799999999997,317.0,330.0,317.0,330.0,8820000
2015-01-15,279.563,315.0,319.0,313.0,316.0,6226000
2015-01-16,280.45099999999996,316.0,318.5,313.0,315.5,3383000
2015-01-19,279.563,315.0,318.5,315.0,316.0,1550000
2015-01-20,283.113,319.0,319.5,315.0,315.0,2268000
2015-01-21,285.776,322.0,323.0,319.0,319.5,1775000
2015-01-22,290.21299999999997,327.0,328.0,320.5,321.0,3219000
2015-01-23,297.313,335.0,335.0,329.5,330.0,4434000
2015-01-26,295.538,333.0,336.0,332.0,335.0,2633000
2015-01-27,301.307,339.5,340.0,333.0,335.0,2300000
2015-01-28,297.313,335.0,340.0,333.5,338.0,2285000
2015-01-29,296.87,334.5,336.0,333.0,335.0,1759000
2015-01-30,295.095,332.5,336.0,330.0,336.0,2981000
2015-02-02,295.538,333.0,335.0,331.0,334.0,1711000
2015-02-03,295.538,333.0,334.0,330.5,331.5,1762000
2015-02-04,294.207,331.5,336.5,331.0,335.0,1826000
2015-02-05,240.513,271.0,271.0,271.0,271.0,0
2015-02-06,291.101,328.0,330.5,326.0,330.0,1891000
2015-02-09,288.882,325.5,328.0,325.0,327.5,1505000
2015-02-10,289.77,326.5,329.5,324.5,329.0,2846000
2015-02-11,292.876,330.0,330.5,325.5,326.0,1892000
2015-02-12,287.107,323.5,329.0,321.0,329.0,3338000
2015-02-13,287.995,324.5,326.0,321.0,324.0,3201000
2015-02-16,287.995,324.5,324.5,324.5,324.5,0
2015-02-17,287.995,324.5,324.5,324.5,324.5,0
2015-02-18,287.995,324.5,324.5,324.5,324.5,0
2015-02-19,287.995,324.5,324.5,324.5,324.5,0
2015-02-20,287.995,324.5,324.5,324.5,324.5,0
2015-02-23,287.995,324.5,324.5,324.5,324.5,0
2015-02-24,288.882,325.5,328.0,320.0,328.0,4114000
2015-02-25,292.876,330.0,331.5,325.5,325.5,3561000
2015-02-26,289.77,326.5,330.0,326.0,327.5,2934000
2015-02-27,289.77,326.5,326.5,326.5,326.5,0
2015-03-02,286.663,323.0,330.5,322.0,330.5,4713000
2015-03-03,288.438,325.0,327.5,323.0,327.5,1839000
2015-03-04,290.657,327.5,327.5,324.0,326.0,1293000
2015-03-05,288.438,325.0,327.5,324.5,327.5,1744000
2015-03-06,287.107,323.5,326.0,323.5,326.0,1295000
2015-03-09,283.113,319.0,323.5,317.5,322.0,2156000
2015-03-10,287.551,324.0,327.0,320.5,320.5,3316000
2015-03-11,285.776,322.0,326.5,322.0,323.0,2017000
2015-03-12,287.551,324.0,325.5,321.5,322.0,1818000
2015-03-13,286.22,322.5,325.0,322.0,323.0,2127000
2015-03-16,282.226,318.0,323.0,316.0,320.0,4840000
2015-03-17,281.782,317.5,322.5,315.0,320.5,3586000
2015-03-18,287.107,323.5,324.0,318.0,318.0,2008000
2015-03-19,283.557,319.5,326.0,319.0,325.0,2430000
2015-03-20,282.67,318.5,321.5,318.0,319.0,3739000
2015-03-23,283.113,319.0,321.5,318.0,318.5,1121000
2015-03-24,283.113,319.0,321.0,318.5,319.5,1635000
2015-03-25,283.113,319.0,320.5,316.5,319.0,2099000
2015-03-26,283.113,319.0,319.0,316.5,316.5,1397000
2015-03-27,275.126,310.0,318.5,310.0,318.5,3325000
2015-03-30,279.563,315.0,315.5,310.0,310.0,1322000
2015-03-31,279.563,315.0,317.5,314.0,315.0,1138000
2015-04-01,277.788,313.0,315.0,311.0,315.0,1293000
2015-04-02,280.45099999999996,316.0,318.0,314.0,316.5,1149000
2015-04-03,280.45099999999996,316.0,316.0,316.0,316.0,0
2015-04-06,280.45099999999996,316.0,316.0,316.0,316.0,0
2015-04-07,281.782,317.5,319.5,316.5,319.0,1045000
2015-04-08,281.33799999999997,317.0,319.5,316.5,317.5,1139000
2015-04-09,283.113,319.0,320.0,317.0,317.0,1441000
2015-04-10,280.45099999999996,316.0,321.0,316.0,321.0,1398000
2015-04-13,282.226,318.0,320.5,316.0,316.0,1160000
2015-04-14,280.895,316.5,320.0,316.0,316.0,1073000
2015-04-15,278.676,314.0,319.0,312.0,316.5,2050000
2015-04-16,283.113,319.0,319.0,314.5,317.5,1946000
2015-04-17,285.332,321.5,323.0,316.5,319.0,1780000
2015-04-20,283.113,319.0,323.0,319.0,321.0,1151000
2015-04-21,283.113,319.0,323.0,319.0,319.5,1471000
2015-04-22,294.207,331.5,332.5,320.5,320.5,3734000
2015-04-23,297.313,335.0,337.0,329.0,331.5,3105000
2015-04-24,299.08799999999997,337.0,340.0,331.5,337.0,2770000
2015-04-27,300.42,338.5,339.0,337.0,337.0,1774000
2015-04-28,304.413,343.0,343.0,337.5,339.0,3470000
2015-04-29,291.988,329.0,338.0,328.5,337.0,2395000
2015-04-30,288.882,325.5,332.0,325.5,329.0,2143000
2015-05-01,288.882,325.5,325.5,325.5,325.5,0
2015-05-04,291.988,329.0,335.0,326.5,335.0,852000
2015-05-05,286.663,323.0,329.0,323.0,326.0,1031000
2015-05-06,284.001,320.0,323.0,320.0,320.0,1533000
2015-05-07,278.676,314.0,319.0,314.0,317.0,2721000
2015-05-08,280.895,316.5,319.0,314.5,314.5,1389000
2015-05-11,269.357,303.5,317.5,303.5,315.0,3264000
2015-05-12,266.695,300.5,307.0,297.5,307.0,3313000
2015-05-13,270.245,304.5,311.0,297.5,300.0,4231000
2015-05-14,270.245,304.5,305.0,299.0,303.5,3201000
2015-05-15,269.801,304.0,307.0,303.0,305.0,1949000
2015-05-18,268.913,303.0,307.0,303.0,307.0,1831000
2015-05-19,268.026,302.0,304.5,301.0,304.5,2460000
2015-05-20,267.582,301.5,306.5,301.0,306.5,4746000
2015-05-21,268.47,302.5,305.0,300.0,301.0,1906000
2015-05-22,271.57599999999996,306.0,307.0,304.0,305.0,1120000
2015-05-25,272.46299999999997,307.0,308.0,303.0,303.5,587000
2015-05-26,276.901,312.0,312.0,308.0,309.0,1081000
2015-05-27,277.788,313.0,313.0,308.5,312.0,1968000
2015-05-28,275.126,310.0,314.0,310.0,314.0,1908000
2015-05-29,268.026,302.0,310.5,300.0,307.5,4248000
2015-06-01,265.363,299.0,302.0,296.5,300.0,2431000
2015-06-02,266.251,300.0,301.5,298.0,300.0,2189000
2015-06-03,266.251,300.0,302.5,295.0,295.0,1107000
2015-06-04,263.145,296.5,301.0,295.5,296.0,2073000
2015-06-05,262.70099999999996,296.0,301.0,295.0,295.0,1701000
2015-06-08,260.482,293.5,296.0,291.5,295.0,2357000
2015-06-09,260.038,293.0,295.0,293.0,293.0,1403000
2015-06-10,266.695,300.5,302.0,293.0,293.0,2281000
2015-06-11,260.038,293.0,296.0,292.0,295.0,2811000
2015-06-12,259.151,292.0,295.5,291.0,292.0,1362000
2015-06-15,257.376,290.0,292.5,290.0,292.0,1578000
2015-06-16,257.376,290.0,292.5,288.0,290.0,1588000
2015-06-17,252.495,284.5,290.5,284.5,289.0,2745000
2015-06-18,256.932,289.5,293.0,284.5,284.5,2891000
2015-06-19,256.932,289.5,289.5,289.5,289.5,0
2015-06-22,262.70099999999996,296.0,299.5,289.5,289.5,2035000
2015-06-23,269.357,303.5,304.0,296.0,296.5,2054000
2015-06-24,270.688,305.0,305.0,300.0,303.5,1922000
2015-06-25,266.251,300.0,304.5,300.0,300.5,2370000
2015-06-26,269.801,304.0,304.5,300.0,300.0,1125000
2015-06-29,268.47,302.5,302.5,299.0,300.0,1316000
2015-06-30,266.695,300.5,302.5,298.5,298.5,2425000
2015-07-01,270.688,305.0,306.0,301.5,303.5,1380000
2015-07-02,266.251,300.0,304.0,300.0,300.5,1363000
2015-07-03,266.695,300.5,302.0,298.5,299.0,796000
2015-07-06,267.138,301.0,302.0,298.5,298.5,590000
2015-07-07,265.363,299.0,301.0,297.0,297.0,1371000
2015-07-08,256.488,289.0,298.5,288.0,296.5,3305000
2015-07-09,244.063,275.0,280.0,267.5,280.0,4503000
2015-07-10,244.063,275.0,275.0,275.0,275.0,0
2015-07-13,260.482,293.5,294.0,275.0,275.0,3286000
2015-07-14,249.388,281.0,289.5,280.5,289.5,2848000
2015-07-15,257.376,290.0,292.0,281.0,284.0,2498000
2015-07-16,260.926,294.0,297.0,290.0,290.0,1834000
2015-07-17,255.601,288.0,292.5,287.0,291.0,1492000
2015-07-20,252.938,285.0,292.0,285.0,290.5,1182000
2015-07-21,253.826,286.0,286.5,278.0,285.0,2168000
2015-07-22,254.713,287.0,287.0,280.0,280.0,1697000
2015-07-23,252.938,285.0,287.5,284.0,287.0,1692000
2015-07-24,259.151,292.0,292.0,285.0,287.0,1934000
2015-07-27,256.932,289.5,294.0,288.0,290.0,2721000
2015-07-28,252.938,285.0,289.5,282.0,285.0,3854000
2015-07-29,244.951,276.0,287.5,275.0,285.0,3835000
2015-07-30,257.376,290.0,292.0,278.0,278.0,2569000
2015-07-31,252.938,285.0,290.5,283.5,290.0,4142000
2015-08-03,249.832,281.5,284.0,276.0,281.0,1808000
2015-08-04,246.282,277.5,280.0,275.0,278.0,3424000
2015-08-05,243.62,274.5,279.5,274.0,279.5,1332000
2015-08-06,240.07,270.5,280.0,270.5,278.5,2091000
2015-08-07,240.513,271.0,273.0,266.0,268.0,1662000
2015-08-10,241.46,255.0,256.5,254.0,255.5,1357000
2015-08-11,237.199,250.5,257.0,245.5,255.0,3700000
2015-08-12,259.45099999999996,274.0,275.0,258.0,258.0,5260000
2015-08-13,268.447,283.5,292.0,270.5,272.5,3944000
2015-08-14,263.23900000000003,278.0,288.5,278.0,283.5,2330000
2015-08-17,265.133,280.0,284.0,280.0,281.0,1665000
2015-08-18,260.39799999999997,275.0,283.5,273.5,280.5,1731000
2015-08-19,258.978,273.5,277.0,272.5,273.0,1955000
2015-08-20,255.66400000000002,270.0,274.5,266.5,270.0,1879000
2015-08-21,249.035,263.0,268.5,260.5,268.5,1945000
2015-08-24,241.93400000000003,255.5,262.5,243.5,260.0,2645000
2015-08-25,258.978,273.5,275.0,255.5,255.5,3088000
2015-08-26,262.29200000000003,277.0,280.0,268.0,273.5,2740000
2015-08-27,265.133,280.0,280.0,273.5,278.0,2724000
2015-08-28,278.389,294.0,294.0,281.5,281.5,3957000
2015-08-31,280.283,296.0,296.0,289.5,294.0,3598000
2015-09-01,277.442,293.0,294.5,291.5,294.0,1644000
2015-09-02,274.128,289.5,293.5,286.0,290.0,2628000
2015-09-03,277.442,293.0,293.5,290.0,292.0,996000
2015-09-04,273.655,289.0,295.0,286.5,290.0,2629000
2015-09-07,276.496,292.0,293.5,288.0,288.0,1296000
2015-09-08,274.60200000000003,290.0,293.0,289.0,292.0,941000
2015-09-09,279.81,295.5,299.5,291.0,295.0,2891000
2015-09-10,278.389,294.0,299.5,291.0,295.5,1964000
2015-09-11,275.54900000000004,291.0,294.0,289.0,292.5,1382000
2015-09-14,278.389,294.0,295.0,291.5,295.0,881000
2015-09-15,273.655,289.0,294.0,287.5,294.0,1137000
2015-09-16,270.814,286.0,289.0,285.5,289.0,2123000
2015-09-17,272.70799999999997,288.0,292.5,287.0,289.5,2113000
2015-09-18,272.70799999999997,288.0,290.5,287.5,290.5,1967000
2015-09-21,269.394,284.5,289.5,283.0,289.5,1397000
2015-09-22,269.867,285.0,287.5,283.5,284.5,1522000
2015-09-23,267.027,282.0,284.0,279.0,283.0,1600000
2015-09-24,260.872,275.5,284.0,275.5,283.0,1463000
2015-09-25,263.712,278.5,281.0,276.0,278.5,1524000
2015-09-28,263.712,278.5,278.5,278.5,278.5,0
2015-09-29,263.712,278.5,278.5,278.5,278.5,0
2015-09-30,267.5,282.5,289.5,275.0,275.0,2926000
2015-10-01,272.70799999999997,288.0,288.0,279.0,282.5,1992000
2015-10-02,269.867,285.0,288.0,283.0,288.0,1209000
2015-10-05,268.447,283.5,286.0,282.5,283.0,1946000
2015-10-06,279.336,295.0,296.0,287.0,287.5,3413000
2015-10-07,280.283,296.0,296.0,291.5,293.0,1648000
2015-10-08,281.704,297.5,299.5,296.0,298.0,2083000
2015-10-09,281.704,297.5,297.5,297.5,297.5,0
2015-10-12,281.704,297.5,299.5,295.5,299.0,1654000
2015-10-13,282.65,298.5,300.0,295.5,297.0,1385000
2015-10-14,283.124,299.0,299.0,296.5,297.5,1122000
2015-10-15,283.124,299.0,300.0,298.0,300.0,1424000
2015-10-16,279.336,295.0,297.5,291.5,297.0,1765000
2015-10-19,282.177,298.0,298.0,294.0,296.0,1336000
2015-10-20,280.757,296.5,298.0,294.0,298.0,1178000
2015-10-21,281.23,297.0,298.5,295.0,297.5,675000
2015-10-22,283.597,299.5,300.0,297.0,298.0,1263000
2015-10-23,287.385,303.5,306.0,299.5,302.0,2639000
2015-10-26,290.699,307.0,309.5,304.0,306.0,1763000
2015-10-27,285.018,301.0,307.0,297.0,307.0,1298000
2015-10-28,284.07099999999997,300.0,303.0,296.5,302.0,1348000
2015-10-29,279.336,295.0,300.0,292.0,298.0,1369000
2015-10-30,275.54900000000004,291.0,295.0,290.0,294.0,1470000
2015-11-02,276.496,292.0,293.0,287.0,289.0,1005000
2015-11-03,281.704,297.5,298.0,294.0,294.0,1139000
2015-11-04,286.911,303.0,305.0,299.0,299.0,1572000
2015-11-05,284.5440000000001,300.5,303.5,299.5,303.5,702000
2015-11-06,277.916,293.5,301.0,292.0,300.0,1558000
2015-11-09,275.54900000000004,291.0,294.5,290.5,292.0,745000
2015-11-10,272.235,287.5,292.0,287.5,291.0,1565000
2015-11-11,269.394,284.5,289.5,284.0,288.0,1506000
2015-11-12,265.133,280.0,286.0,280.0,281.5,1894000
2015-11-13,260.872,275.5,279.5,275.5,279.5,1661000
2015-11-16,259.925,274.5,276.5,273.0,273.0,1494000
2015-11-17,260.39799999999997,275.0,277.0,274.5,276.0,1139000
2015-11-18,257.084,271.5,276.0,270.5,275.0,1793000
2015-11-19,262.765,277.5,277.5,272.0,273.5,1442000
2015-11-20,260.39799999999997,275.0,277.0,274.0,276.0,1387000
2015-11-23,260.39799999999997,275.0,276.0,273.0,274.5,1273000
2015-11-24,260.39799999999997,275.0,277.5,275.0,275.5,966000
2015-11-25,260.39799999999997,275.0,277.5,274.5,275.0,902000
2015-11-26,260.39799999999997,275.0,278.0,270.5,278.0,1396000
2015-11-27,260.39799999999997,275.0,277.0,275.0,276.5,524000
2015-11-30,255.66400000000002,270.0,271.0,269.0,270.5,3425000
2015-12-01,262.29200000000003,277.0,277.0,273.0,273.0,2321000
2015-12-02,257.558,272.0,277.0,269.5,277.0,1640000
2015-12-03,254.717,269.0,271.0,268.0,269.0,1222000
2015-12-04,254.717,269.0,271.0,267.0,269.0,1845000
2015-12-07,261.819,276.5,278.0,272.5,273.0,1473000
2015-12-08,253.77,268.0,275.0,268.0,274.0,2860000
2015-12-09,253.77,268.0,270.0,267.5,267.5,1258000
2015-12-10,252.82299999999998,267.0,275.0,266.5,274.5,3459000
2015-12-11,253.77,268.0,271.5,266.5,268.0,2147000
2015-12-14,251.87599999999998,266.0,268.5,261.5,267.0,972000
2015-12-15,250.929,265.0,267.5,263.5,267.0,1198000
2015-12-16,251.87599999999998,266.0,269.0,265.5,269.0,580000
2015-12-17,257.084,271.5,272.0,268.0,269.0,1287000
2015-12-18,256.611,271.0,272.5,268.0,268.0,1371000
2015-12-21,260.39799999999997,275.0,275.0,271.5,275.0,1376000
2015-12-22,262.29200000000003,277.0,278.0,274.5,276.0,1152000
2015-12-23,263.23900000000003,278.0,278.0,275.5,276.5,942000
2015-12-24,263.23900000000003,278.0,279.5,277.5,279.0,437000
2015-12-25,263.712,278.5,278.5,274.0,274.0,344000
2015-12-28,264.659,279.5,280.0,277.5,278.5,449000
2015-12-29,258.978,273.5,279.0,273.5,276.5,826000
2015-12-30,256.611,271.0,275.0,270.0,274.5,1067000
2015-12-31,257.558,272.0,274.0,271.5,271.5,455000
2016-01-01,257.558,272.0,272.0,272.0,272.0,0
2016-01-04,248.088,262.0,274.0,260.5,272.0,1692000
2016-01-05,247.615,261.5,264.5,261.0,262.0,1290000
2016-01-06,249.982,264.0,266.5,261.0,262.0,1376000
2016-01-07,253.77,268.0,268.0,260.5,265.5,2014000
2016-01-08,261.819,276.5,277.5,261.5,264.0,2192000
2016-01-11,260.872,275.5,276.5,266.0,270.0,2669000
2016-01-12,259.45099999999996,274.0,276.5,271.0,276.0,1518000
2016-01-13,259.925,274.5,275.0,271.0,275.0,1342000
2016-01-14,259.925,274.5,274.5,266.0,269.0,1642000
2016-01-15,262.765,277.5,277.5,269.5,272.0,2681000
2016-01-18,256.137,270.5,275.0,269.0,272.0,1702000
2016-01-19,256.137,270.5,273.5,269.5,270.5,962000
2016-01-20,249.50900000000001,263.5,268.0,263.5,267.0,1988000
2016-01-21,248.562,262.5,265.5,261.0,264.5,1114000
2016-01-22,252.82299999999998,267.0,268.5,262.0,262.0,1045000
2016-01-25,257.084,271.5,273.0,267.0,267.0,1183000
2016-01-26,251.87599999999998,266.0,269.5,266.0,266.5,1422000
2016-01-27,252.82299999999998,267.0,269.0,265.0,268.5,855000
2016-01-28,251.403,265.5,270.0,263.0,263.0,1696000
2016-01-29,254.243,268.5,270.0,264.0,264.5,2182000
2016-02-01,260.39799999999997,275.0,275.0,269.0,270.0,1137000
2016-02-02,259.925,274.5,277.0,273.0,275.0,1186000
2016-02-03,256.611,271.0,273.0,269.0,271.0,1014000
2016-02-04,256.611,271.0,271.0,271.0,271.0,0
2016-02-08,256.611,271.0,271.0,271.0,271.0,0
2016-02-09,256.611,271.0,271.0,271.0,271.0,0
2016-02-10,256.611,271.0,271.0,271.0,271.0,0
2016-02-11,256.611,271.0,271.0,271.0,271.0,0
2016-02-12,256.611,271.0,271.0,271.0,271.0,0
2016-02-15,255.19,269.5,272.5,266.0,270.0,1459000
2016-02-16,257.558,272.0,273.0,266.5,267.0,1202000
2016-02-17,259.925,274.5,275.0,272.0,273.5,1263000
2016-02-18,261.819,276.5,277.0,273.0,275.5,1898000
2016-02-19,257.084,271.5,274.0,271.5,273.0,864000
2016-02-22,255.66400000000002,270.0,274.5,270.0,272.0,1257000
2016-02-23,256.137,270.5,272.5,269.5,270.5,1196000
2016-02-24,252.82299999999998,267.0,273.5,266.5,272.5,774000
2016-02-25,258.031,272.5,273.5,269.0,270.0,955000
2016-02-26,258.978,273.5,274.5,270.5,273.0,793000
2016-02-29,258.978,273.5,273.5,273.5,273.5,0
2016-03-01,258.504,273.0,274.5,270.0,270.0,1072000
2016-03-02,259.45099999999996,274.0,276.0,273.0,275.0,845000
2016-03-03,263.23900000000003,278.0,278.0,272.0,272.5,1707000
2016-03-04,257.558,272.0,277.5,272.0,277.5,1371000
2016-03-07,263.23900000000003,278.0,278.0,272.5,274.0,1746000
2016-03-08,258.978,273.5,277.5,273.0,277.5,1106000
2016-03-09,266.08,281.0,281.0,274.5,275.5,1790000
2016-03-10,271.76099999999997,287.0,287.0,282.0,282.5,1920000
2016-03-11,270.814,286.0,289.5,284.0,286.0,1455000
2016-03-14,273.655,289.0,289.0,283.0,286.0,1141000
2016-03-15,268.92,284.0,289.0,281.5,289.0,1491000
2016-03-16,271.288,286.5,287.0,284.0,287.0,973000
2016-03-17,272.70799999999997,288.0,291.5,287.0,290.0,1350000
2016-03-18,275.075,290.5,291.0,289.0,291.0,3037000
2016-03-21,273.655,289.0,291.5,288.0,291.5,952000
2016-03-22,273.655,289.0,291.0,286.0,291.0,1177000
2016-03-23,274.128,289.5,290.0,286.0,289.0,1097000
2016-03-24,273.655,289.0,289.5,286.0,289.0,716000
2016-03-25,271.76099999999997,287.0,289.5,287.0,289.0,220000
2016-03-28,272.235,287.5,289.0,286.0,286.5,845000
2016-03-29,271.288,286.5,289.5,286.0,288.0,869000
2016-03-30,270.814,286.0,289.5,286.0,288.0,1517000
2016-03-31,273.655,289.0,291.0,286.5,288.0,1412000
2016-04-01,268.447,283.5,288.0,283.0,286.0,930000
2016-04-04,268.447,283.5,283.5,283.5,283.5,0
2016-04-05,268.447,283.5,283.5,283.5,283.5,0
2016-04-06,268.447,283.5,286.5,282.0,286.0,2135000
2016-04-07,268.447,283.5,284.0,280.5,283.5,1300000
2016-04-08,268.447,283.5,283.5,280.5,280.5,1490000
2016-04-11,267.5,282.5,283.5,280.5,283.0,727000
2016-04-12,267.027,282.0,283.0,281.0,282.5,810000
2016-04-13,270.814,286.0,287.0,282.0,282.0,1302000
2016-04-14,268.447,283.5,287.0,283.5,287.0,1044000
2016-04-15,269.394,284.5,287.0,282.5,286.0,956000
2016-04-18,270.341,285.5,286.0,284.0,286.0,688000
2016-04-19,270.814,286.0,286.5,282.5,286.5,1192000
2016-04-20,271.76099999999997,287.0,290.0,285.5,288.0,1971000
2016-04-21,268.92,284.0,286.5,282.5,283.0,1190000
2016-04-22,272.235,287.5,287.5,286.0,286.0,1040000
2016-04-25,272.235,287.5,288.0,286.0,288.0,1158000
2016-04-26,272.70799999999997,288.0,288.0,286.0,286.0,1501000
2016-04-27,272.235,287.5,288.5,287.0,288.0,1226000
2016-04-28,270.814,286.0,288.0,286.0,288.0,894000
2016-04-29,268.447,283.5,286.5,281.5,286.0,1065000
2016-05-02,268.447,283.5,283.5,283.5,283.5,0
2016-05-03,259.45099999999996,274.0,281.5,272.0,281.5,1491000
2016-05-04,256.137,270.5,276.0,269.0,274.0,1595000
2016-05-05,255.66400000000002,270.0,271.0,267.5,268.0,1179000
2016-05-06,249.982,264.0,269.5,264.0,267.5,1581000
2016-05-09,250.456,264.5,264.5,261.0,263.0,1100000
2016-05-10,249.035,263.0,263.0,257.5,260.0,1497000
2016-05-11,246.195,260.0,263.0,256.5,263.0,1414000
2016-05-12,257.558,272.0,272.0,264.5,264.5,1527000
2016-05-13,249.035,263.0,266.0,258.5,265.5,1875000
2016-05-16,244.774,258.5,260.5,255.5,258.0,1281000
2016-05-17,241.46,255.0,257.0,252.0,257.0,1550000
2016-05-18,245.248,259.0,259.0,252.5,255.0,1378000
2016-05-19,240.987,254.5,257.5,252.0,255.5,1376000
2016-05-20,239.56599999999997,253.0,258.0,253.0,254.5,869000
2016-05-23,254.243,268.5,269.0,253.0,253.0,2040000
2016-05-24,250.929,265.0,268.5,264.0,268.0,1015000
2016-05-25,252.82299999999998,267.0,268.5,265.0,265.0,1079000
2016-05-26,256.611,271.0,272.0,267.0,267.0,1321000
2016-05-27,258.031,272.5,273.0,269.5,272.0,1101000
2016-05-30,267.973,283.0,284.0,272.5,273.0,1679000
2016-05-31,265.133,280.0,283.0,276.0,283.0,2607000
2016-06-01,264.186,279.0,282.5,278.5,280.0,1252000
2016-06-02,263.23900000000003,278.0,282.5,278.0,282.0,1115000
2016-06-03,267.5,282.5,283.0,280.0,282.0,928000
2016-06-06,265.133,280.0,284.0,278.5,283.0,669000
2016-06-07,268.447,283.5,283.5,280.5,282.5,1539000
2016-06-08,272.235,287.5,287.5,283.5,284.0,1600000
2016-06-09,272.235,287.5,287.5,287.5,287.5,0
2016-06-10,272.235,287.5,287.5,287.5,287.5,0
2016-06-13,264.186,279.0,284.5,275.0,282.5,1636000
2016-06-14,271.76099999999997,287.0,287.0,270.0,271.0,2686000
2016-06-15,267.973,283.0,286.5,281.0,286.5,1519000
2016-06-16,265.133,280.0,283.0,278.0,283.0,1247000
2016-06-17,266.553,281.5,283.5,281.5,282.5,1701000
2016-06-20,266.553,281.5,281.5,281.5,281.5,0
2016-06-21,266.553,281.5,281.5,281.5,281.5,0
2016-06-22,268.92,284.0,284.0,284.0,284.0,0
2016-06-23,263.23900000000003,278.0,278.0,278.0,278.0,0
2016-06-24,260.39799999999997,275.0,275.0,275.0,275.0,0
2016-06-27,250.929,265.0,265.0,265.0,265.0,10000
2016-06-28,254.243,268.5,268.5,268.5,268.5,3000
2016-06-29,253.77,268.0,268.0,268.0,268.0,0
2016-06-30,251.403,265.5,265.5,265.5,265.5,3000
2016-07-01,254.243,268.5,268.5,268.5,268.5,0
2016-07-04,255.66400000000002,270.0,270.0,270.0,270.0,0
2016-07-05,255.66400000000002,270.0,270.0,270.0,270.0,0
2016-07-06,251.403,265.5,265.5,265.5,265.5,0
2016-07-07,252.82299999999998,267.0,267.0,267.0,267.0,2000
2016-07-11,256.611,271.0,271.0,271.0,271.0,2000
2016-07-12,260.39799999999997,275.0,275.0,275.0,275.0,5000
2016-07-13,265.133,280.0,280.0,280.0,280.0,2000
2016-07-14,267.027,282.0,282.0,282.0,282.0,3000
2016-07-15,268.447,283.5,283.5,283.5,283.5,5000
2016-07-18,269.867,285.0,286.5,282.0,284.0,1948000
2016-07-19,269.394,284.5,286.0,283.5,285.5,1605000
2016-07-20,267.973,283.0,285.0,282.0,284.0,2086000
2016-07-21,262.29200000000003,277.0,284.0,276.5,280.5,2969000
2016-07-22,264.659,279.5,279.5,277.0,277.0,1581000
2016-07-25,265.606,280.5,282.5,277.5,281.0,967000
2016-07-26,264.659,279.5,280.0,277.0,277.5,890000
2016-07-27,266.08,281.0,281.5,279.5,279.5,579000
2016-07-28,267.5,282.5,282.5,280.0,280.0,1039000
2016-07-29,262.765,277.5,282.5,277.5,282.0,1793000
2016-08-01,268.92,284.0,284.0,280.0,280.0,1084000
2016-08-02,267.027,282.0,284.0,280.5,284.0,1356000
2016-08-03,267.027,282.0,283.0,279.0,280.0,903000
2016-08-04,267.5,282.5,283.5,281.5,283.5,2505000
2016-08-05,270.0,270.0,272.5,270.0,270.0,2318000
2016-08-08,270.5,270.5,272.0,267.5,270.5,1905000
2016-08-09,271.0,271.0,271.0,267.5,269.0,1173000
2016-08-10,269.0,269.0,270.0,267.0,269.5,1063000
2016-08-11,265.5,265.5,269.0,265.0,269.0,1140000
2016-08-12,263.0,263.0,268.0,263.0,266.5,1489000
2016-08-15,265.5,265.5,266.0,264.0,264.0,1080000
2016-08-16,264.0,264.0,266.0,264.0,264.0,1158000
2016-08-17,265.5,265.5,267.0,265.0,266.0,847000
2016-08-18,268.5,268.5,268.5,266.0,267.5,761000
2016-08-19,270.5,270.5,271.0,268.5,269.0,1512000
2016-08-22,268.5,268.5,270.5,268.5,270.0,738000
2016-08-23,270.0,270.0,271.0,268.5,269.0,949000
2016-08-24,270.0,270.0,271.5,268.5,269.0,926000
2016-08-25,273.5,273.5,274.0,269.0,271.0,1049000
2016-08-26,274.0,274.0,275.0,271.5,274.0,530000
2016-08-29,272.5,272.5,275.5,270.5,275.5,1228000
2016-08-30,272.5,272.5,274.5,271.0,273.5,828000
2016-08-31,268.5,268.5,272.5,268.0,271.0,1552000
2016-09-01,270.0,270.0,271.0,267.0,268.0,852000
2016-09-02,271.5,271.5,272.5,269.0,270.0,831000
2016-09-05,273.0,273.0,274.5,272.5,273.0,482000
2016-09-06,275.5,275.5,276.5,273.0,273.5,1085000
2016-09-07,273.5,273.5,278.0,273.0,277.0,943000
2016-09-08,273.0,273.0,277.5,271.5,276.0,1868000
2016-09-09,273.0,273.0,274.0,271.5,272.0,493000
2016-09-12,271.5,271.5,274.0,270.0,272.0,943000
2016-09-13,268.5,268.5,271.0,267.0,270.0,1040000
2016-09-14,267.0,267.0,271.0,267.0,267.5,1089000
2016-09-15,267.0,267.0,267.0,267.0,267.0,0
2016-09-16,267.0,267.0,267.0,267.0,267.0,0
2016-09-19,280.0,280.0,280.0,274.0,275.0,2087000
2016-09-20,276.5,276.5,278.0,275.0,277.0,725000
2016-09-21,276.0,276.0,278.0,274.5,276.0,906000
2016-09-22,276.0,276.0,279.5,276.0,279.0,847000
2016-09-23,277.5,277.5,279.0,276.5,278.0,696000
2016-09-26,277.5,277.5,279.0,276.0,278.0,238000
2016-09-27,277.5,277.5,277.5,277.5,277.5,0
2016-09-28,277.5,277.5,277.5,277.5,277.5,0
2016-09-29,284.5,284.5,284.5,280.0,281.0,2603000
2016-09-30,280.5,280.5,284.0,279.5,282.5,1017000
2016-10-03,283.5,283.5,284.5,279.5,282.5,870000
2016-10-04,284.0,284.0,284.0,281.0,284.0,556000
2016-10-05,283.5,283.5,283.5,281.5,282.0,373000
2016-10-06,282.0,282.0,284.0,282.0,284.0,321000
2016-10-07,279.0,279.0,282.0,279.0,282.0,681000
2016-10-10,279.0,279.0,279.0,279.0,279.0,0
2016-10-11,282.0,282.0,283.5,280.0,282.5,694000
2016-10-12,282.0,282.0,282.5,279.0,280.0,563000
2016-10-13,282.0,282.0,284.0,280.5,282.0,1249000
2016-10-14,279.5,279.5,282.0,279.5,282.0,348000
2016-10-17,280.0,280.0,280.5,276.0,280.0,711000
2016-10-18,280.0,280.0,280.0,278.5,279.5,663000
2016-10-19,280.0,280.0,280.5,279.0,280.0,807000
2016-10-20,282.0,282.0,282.0,280.0,281.0,654000
2016-10-21,279.5,279.5,282.0,278.0,282.0,421000
2016-10-24,280.5,280.5,281.0,279.5,280.0,299000
2016-10-25,280.0,280.0,281.0,277.0,280.5,993000
2016-10-26,281.5,281.5,283.0,280.0,280.0,685000
2016-10-27,281.0,281.0,282.5,279.0,281.5,899000
2016-10-28,278.0,278.0,280.0,277.5,277.5,590000
2016-10-31,276.5,276.5,279.5,276.0,277.0,1231000
2016-11-01,275.0,275.0,276.5,274.0,275.5,679000
2016-11-02,273.5,273.5,275.0,273.0,273.5,358000
2016-11-03,272.5,272.5,276.0,272.5,275.5,583000
2016-11-04,271.0,271.0,273.5,271.0,272.0,438000
2016-11-07,274.0,274.0,275.0,272.0,272.0,370000
2016-11-08,276.0,276.0,276.5,275.0,275.5,353000
2016-11-09,268.5,268.5,280.0,268.0,278.0,1768000
2016-11-10,273.5,273.5,273.5,271.0,273.5,914000
2016-11-11,262.5,262.5,269.0,262.5,267.0,1832000
2016-11-14,262.5,262.5,267.5,261.5,266.0,2071000
2016-11-15,261.0,261.0,263.0,261.0,262.5,1019000
2016-11-16,261.0,261.0,264.5,261.0,263.0,811000
2016-11-17,261.0,261.0,262.5,261.0,262.0,518000
2016-11-18,263.0,263.0,264.5,261.0,261.0,1013000
2016-11-21,265.0,265.0,265.0,261.0,264.0,885000
2016-11-22,268.5,268.5,269.5,264.0,265.0,1350000
2016-11-23,268.5,268.5,270.0,267.0,267.0,745000
2016-11-24,266.0,266.0,268.5,266.0,268.5,491000
2016-11-25,266.5,266.5,268.0,265.5,266.0,385000
2016-11-28,266.0,266.0,268.0,266.0,266.5,826000
2016-11-29,262.5,262.5,267.0,262.5,265.0,1386000
2016-11-30,264.0,264.0,265.5,264.0,265.5,2359000
2016-12-01,263.0,263.0,265.0,263.0,264.0,2436000
2016-12-02,261.0,261.0,264.0,261.0,263.0,1728000
2016-12-05,261.5,261.5,263.5,261.0,263.0,952000
2016-12-06,263.0,263.0,265.0,263.0,264.5,1153000
2016-12-07,265.5,265.5,266.0,264.0,265.0,1029000
2016-12-08,267.0,267.0,267.0,265.5,266.5,1376000
2016-12-09,265.0,265.0,267.5,265.0,267.0,1252000
2016-12-12,266.5,266.5,267.5,266.0,267.0,741000
2016-12-13,267.0,267.0,267.0,265.0,266.5,1040000
2016-12-14,266.0,266.0,267.0,266.0,267.0,748000
2016-12-15,266.5,266.5,268.0,264.0,266.5,926000
2016-12-16,265.0,265.0,268.0,264.5,268.0,1629000
2016-12-19,263.5,263.5,265.5,263.0,265.0,910000
2016-12-20,263.5,263.5,264.0,263.0,263.5,1032000
2016-12-21,263.5,263.5,264.5,262.5,263.5,1026000
2016-12-22,263.0,263.0,264.0,262.0,263.0,1209000
2016-12-23,264.0,264.0,265.5,263.0,263.0,1074000
2016-12-26,264.0,264.0,264.5,263.0,264.0,188000
2016-12-27,264.5,264.5,264.5,263.5,264.0,374000
2016-12-28,264.0,264.0,265.0,263.5,265.0,1186000
2016-12-29,263.0,263.0,265.5,263.0,264.0,702000
2016-12-30,265.0,265.0,266.0,264.0,265.5,556000
2017-01-02,265.0,265.0,265.0,265.0,265.0,0
2017-01-03,267.0,267.0,267.0,265.0,265.5,310000
2017-01-04,267.0,267.0,269.0,266.5,267.5,694000
2017-01-05,269.0,269.0,269.5,267.0,268.5,744000
2017-01-06,270.0,270.0,270.0,269.0,269.5,644000
2017-01-09,269.0,269.0,271.5,268.5,271.0,381000
2017-01-10,270.5,270.5,270.5,269.0,270.0,429000
2017-01-11,272.5,272.5,272.5,269.0,270.5,667000
2017-01-12,276.0,276.0,276.0,273.0,274.0,954000
2017-01-13,277.0,277.0,277.0,273.0,276.0,926000
2017-01-16,275.0,275.0,276.5,273.5,276.5,438000
2017-01-17,275.0,275.0,275.5,273.5,274.5,347000
2017-01-18,272.0,272.0,275.5,272.0,273.0,629000
2017-01-19,271.0,271.0,273.0,268.0,272.0,890000
2017-01-20,273.5,273.5,274.5,270.5,271.0,573000
2017-01-23,277.0,277.0,277.0,275.0,275.0,862000
2017-01-24,273.0,273.0,277.0,273.0,275.0,804000
2017-01-25,273.0,273.0,273.0,273.0,273.0,0
2017-01-26,273.0,273.0,273.0,273.0,273.0,0
2017-01-27,273.0,273.0,273.0,273.0,273.0,0
2017-01-30,273.0,273.0,273.0,273.0,273.0,0
2017-01-31,273.0,273.0,273.0,273.0,273.0,0
2017-02-01,273.0,273.0,273.0,273.0,273.0,0
2017-02-02,269.0,269.0,277.0,268.0,271.0,1762000
2017-02-03,266.0,266.0,271.0,265.0,269.0,1454000
2017-02-06,263.5,263.5,265.5,263.0,263.0,1257000
2017-02-07,266.5,266.5,266.5,263.0,263.0,817000
2017-02-08,262.5,262.5,265.5,262.0,265.0,1257000
2017-02-09,265.0,265.0,265.0,263.0,263.0,810000
2017-02-10,266.5,266.5,266.5,265.0,265.0,1785000
2017-02-13,271.5,271.5,272.0,267.5,268.5,2156000
2017-02-14,275.50,275.50,275.50,273.50,273.50,2148000
